Sample,FSsub
HpGP-USA-004,hspSWEuropeLatinAmerica
HpGP-MEX-024,hspSWEuropeLatinAmerica
HpGP-MEX-035,hspSWEuropeLatinAmerica
HpGP-MEX-002,hspSWEuropeLatinAmerica
HpGP-IDN-009,hspSWEuropeLatinAmerica
HpGP-MEX-012,hspSWEuropeLatinAmerica
HpGP-MEX-032,hspSWEuropeLatinAmerica
HpGP-MEX-001,hspSWEuropeLatinAmerica
HpGP-MEX-010,hspSWEuropeLatinAmerica
HpGP-MEX-004,hspSWEuropeLatinAmerica
HpGP-MEX-003,hspSWEuropeLatinAmerica
HpGP-HON-027,hspSWEuropeLatinAmerica
HpGP-HON-002,hspSWEuropeLatinAmerica
HpGP-HON-001,hspSWEuropeLatinAmerica
HpGP-USA-002,hspSWEuropeLatinAmerica
HpGP-MEX-006,hspSWEuropeLatinAmerica
HpGP-CRI-002,hspSWEuropeLatinAmerica
HpGP-CRI-003,hspSWEuropeLatinAmerica
HpGP-CRI-005,hspSWEuropeLatinAmerica
HpGP-CRI-006,hspSWEuropeLatinAmerica
HpGP-CRI-008,hspSWEuropeLatinAmerica
HpGP-CRI-001,hspSWEuropeLatinAmerica
HpGP-GTM-007,hspSWEuropeLatinAmerica
HpGP-HON-026,hspSWEuropeLatinAmerica
HpGP-GTM-004,hspSWEuropeLatinAmerica
HpGP-HON-025,hspSWEuropeLatinAmerica
HpGP-HON-024,hspSWEuropeLatinAmerica
HpGP-HON-028,hspSWEuropeLatinAmerica
HpGP-HON-011,hspSWEuropeLatinAmerica
HpGP-HON-005,hspSWEuropeLatinAmerica
HpGP-HON-009,hspSWEuropeLatinAmerica
HpGP-COL-307,hspSWEuropeLatinAmerica
HpGP-COL-309,hspSWEuropeLatinAmerica
HpGP-COL-308,hspSWEuropeLatinAmerica
HpGP-SPA-405,hspSWEuropeLatinAmerica
HpGP-COL-301,hspSWEuropeLatinAmerica
HpGP-COL-204,hspSWEuropeLatinAmerica
HpGP-CHI-212,hspSWEuropeLatinAmerica
HpGP-PER-114,hspSWEuropeLatinAmerica
HpGP-SPA-318,hspSWEuropeLatinAmerica
HpGP-DOM-003,hspSWEuropeLatinAmerica
HpGP-COL-110,hspSWEuropeLatinAmerica
HpGP-USA-302,hspSWEuropeLatinAmerica
HpGP-BRA-008,hspSWEuropeLatinAmerica
HpGP-PER-102,hspSWEuropeLatinAmerica
HpGP-PER-113,hspSWEuropeLatinAmerica
HpGP-MEX-041,hspSWEuropeLatinAmerica
HpGP-SPA-804,hspSWEuropeLatinAmerica
HpGP-SPA-207,hspSWEuropeLatinAmerica
HpGP-USA-001,hspSWEuropeLatinAmerica
HpGP-PER-117,hspSWEuropeLatinAmerica
HpGP-COL-112,hspSWEuropeLatinAmerica
HpGP-COL-107,hspSWEuropeLatinAmerica
HpGP-SPA-312,hspSWEuropeLatinAmerica
HpGP-DOM-005,hspSWEuropeLatinAmerica
HpGP-SWT-005,hspSWEuropeLatinAmerica
HpGP-COL-210,hspSWEuropeLatinAmerica
HpGP-PER-021,hspSWEuropeLatinAmerica
HpGP-PER-115,hspSWEuropeLatinAmerica
HpGP-HON-016,hspSWEuropeLatinAmerica
HpGP-SPA-309,hspSWEuropeLatinAmerica
HpGP-SPA-710,hspSWEuropeLatinAmerica
HpGP-POR-110,hspSWEuropeLatinAmerica
HpGP-SPA-322,hspSWEuropeLatinAmerica
HpGP-PER-016,hspSWEuropeLatinAmerica
HpGP-PER-124,hspSWEuropeLatinAmerica
HpGP-SPA-313,hspSWEuropeLatinAmerica
HpGP-MEX-027,hspSWEuropeLatinAmerica
HpGP-SPA-018,hspSWEuropeLatinAmerica
HpGP-MEX-023,hspSWEuropeLatinAmerica
HpGP-MEX-043,hspSWEuropeLatinAmerica
HpGP-SPA-314,hspSWEuropeLatinAmerica
HpGP-SPA-305,hspSWEuropeLatinAmerica
HpGP-USA-204,hspSWEuropeLatinAmerica
HpGP-COL-302,hspSWEuropeLatinAmerica
HpGP-MEX-045,hspSWEuropeLatinAmerica
HpGP-MEX-044,hspSWEuropeLatinAmerica
HpGP-MEX-040,hspSWEuropeLatinAmerica
HpGP-USA-203,hspSWEuropeLatinAmerica
HpGP-JAP-110,hspSWEuropeLatinAmerica
HpGP-COL-105,hspSWEuropeLatinAmerica
HpGP-COL-203,hspSWEuropeLatinAmerica
HpGP-COL-106,hspSWEuropeLatinAmerica
HpGP-COL-201,hspSWEuropeLatinAmerica
HpGP-COL-202,hspSWEuropeLatinAmerica
HpGP-PER-103,hspSWEuropeLatinAmerica
HpGP-COL-005,hspSWEuropeLatinAmerica
HpGP-PER-108,hspSWEuropeLatinAmerica
HpGP-PER-017,hspSWEuropeLatinAmerica
HpGP-MEX-046,hspSWEuropeLatinAmerica
HpGP-COL-211,hspSWEuropeLatinAmerica
HpGP-PER-119,hspSWEuropeLatinAmerica
HpGP-PER-018,hspSWEuropeLatinAmerica
HpGP-PER-104,hspSWEuropeLatinAmerica
HpGP-PER-014,hspSWEuropeLatinAmerica
HpGP-PER-106,hspSWEuropeLatinAmerica
HpGP-PER-136,hspSWEuropeLatinAmerica
HpGP-PER-110,hspSWEuropeLatinAmerica
HpGP-PER-107,hspSWEuropeLatinAmerica
HpGP-PER-109,hspSWEuropeLatinAmerica
HpGP-PER-105,hspSWEuropeLatinAmerica
HpGP-COL-008,hspSWEuropeLatinAmerica
HpGP-COL-121,hspSWEuropeLatinAmerica
HpGP-PER-130,hspSWEuropeLatinAmerica
HpGP-PER-101,hspSWEuropeLatinAmerica
HpGP-COL-114,hspSWEuropeLatinAmerica
HpGP-COL-104,hspSWEuropeLatinAmerica
HpGP-COL-122,hspSWEuropeLatinAmerica
HpGP-COL-118,hspSWEuropeLatinAmerica
HpGP-COL-113,hspSWEuropeLatinAmerica
HpGP-COL-119,hspSWEuropeLatinAmerica
HpGP-COL-103,hspSWEuropeLatinAmerica
HpGP-COL-120,hspSWEuropeLatinAmerica
HpGP-COL-303,hspSWEuropeLatinAmerica
HpGP-SPA-413,hspSWEurope
HpGP-POR-105,hspSWEurope
HpGP-SPA-401,hspSWEurope
HpGP-SPA-010,hspSWEurope
HpGP-SPA-316,hspSWEurope
HpGP-SPA-006,hspSWEurope
HpGP-SPA-406,hspSWEurope
HpGP-SPA-102,hspSWEurope
HpGP-SPA-111,hspSWEurope
HpGP-SPA-323,hspSWEurope
HpGP-SPA-001,hspSWEurope
HpGP-ARG-005,hspSWEurope
HpGP-SPA-705,hspSWEurope
HpGP-SPA-007,hspSWEurope
HpGP-SPA-012,hspSWEurope
HpGP-SPA-108,hspSWEurope
HpGP-POR-007,hspSWEurope
HpGP-SPA-002,hspSWEurope
HpGP-SPA-304,hspSWEurope
HpGP-SPA-802,hspSWEurope
HpGP-SPA-510,hspSWEurope
HpGP-SPA-110,hspSWEurope
HpGP-SPA-306,hspSWEurope
HpGP-SPA-502,hspSWEurope
HpGP-ARG-004,hspSWEurope
HpGP-FRA-010,hspSWEurope
HpGP-ARG-003,hspSWEurope
HpGP-SPA-503,hspSWEurope
HpGP-ARG-001,hspSWEurope
HpGP-SPA-805,hspSWEurope
HpGP-SPA-703,hspSWEurope
HpGP-SPA-107,hspSWEurope
HpGP-SPA-501,hspSWEurope
HpGP-SPA-308,hspSWEurope
HpGP-SPA-315,hspSWEurope
HpGP-GER-018,hspSWEurope
HpGP-DOM-001,hspSWEurope
HpGP-SPA-505,hspSWEurope
HpGP-SPA-303,hspSWEurope
HpGP-SPA-610,hspSWEurope
HpGP-POR-102,hspSWEurope
HpGP-USA-005,hspSWEurope
HpGP-GER-003,hspSWEurope
HpGP-SPA-324,hspSWEurope
HpGP-FRA-005,hspSWEurope
HpGP-SPA-707,hspSWEurope
HpGP-SPA-203,hspSWEurope
HpGP-MEX-007,hspSWEurope
HpGP-SPA-310,hspSWEurope
HpGP-SPA-204,hspSWEurope
HpGP-SPA-506,hspSWEurope
HpGP-SPA-103,hspSWEurope
HpGP-SPA-009,hspSWEurope
HpGP-SPA-604,hspSWEurope
HpGP-SPA-704,hspSWEurope
HpGP-SPA-302,hspSWEurope
HpGP-SPA-702,hspSWEurope
HpGP-SPA-205,hspSWEurope
HpGP-SWT-003,hspSWEurope
HpGP-SPA-508,hspSWEurope
HpGP-SPA-210,hspSWEurope
HpGP-SPA-701,hspSWEurope
HpGP-SPA-307,hspSWEurope
HpGP-POR-111,hspSWEurope
HpGP-POR-101,hspSWEurope
HpGP-POR-106,hspSWEurope
HpGP-POR-103,hspSWEurope
HpGP-POR-113,hspSWEurope
HpGP-POR-112,hspSWEurope
HpGP-BRA-003,hspSWEurope
HpGP-SWT-015,hspSWEurope
HpGP-BRA-009,hspSWEurope
HpGP-POR-107,hspSWEurope
HpGP-COL-002,hspSWEurope
HpGP-BRA-006,hspSWEurope
HpGP-POR-009,hspSWEurope
HpGP-POR-010,hspSWEurope
HpGP-SWT-012,hspSWEurope
HpGP-POR-109,hspSWEurope
HpGP-IDN-006,hspSWEurope
HpGP-POR-018,hspSWEurope
HpGP-POR-003,hspSWEurope
HpGP-POR-108,hspSWEurope
HpGP-POR-008,hspSWEurope
HpGP-POR-011,hspSWEurope
HpGP-POR-001,hspSWEurope
HpGP-POR-013,hspSWEurope
HpGP-POR-015,hspSWEurope
HpGP-SWT-001,hspSWEurope
HpGP-DOM-002,hspSWEurope
HpGP-SPA-105,hspSWEurope
HpGP-DOM-009,hspSWEurope
HpGP-DOM-010,hspSWEurope
HpGP-DOM-008,hspSWEurope
HpGP-USA-207,hspSWEurope
HpGP-USA-201,hspSWEurope
HpGP-MEX-009,hspSWEurope
HpGP-MEX-008,hspSWEurope
HpGP-USA-008,hspSWEurope
HpGP-ARG-002,hspSWEurope
HpGP-COL-004,hspSWEurope
HpGP-COL-010,hspSWEurope
HpGP-PRI-007,hspSWEurope
HpGP-PRI-001,hspSWEurope
HpGP-PRI-002,hspSWEurope
HpGP-PRI-006,hspSWEurope
HpGP-PRI-004,hspSWEurope
HpGP-BRA-017,hspSWEurope
HpGP-SPA-005,hspSWEurope
HpGP-SPA-008,hspSWEurope
HpGP-SPA-013,hspSWEurope
HpGP-SPA-209,hspSWEurope
HpGP-SPA-311,hspSWEurope
HpGP-SPA-607,hspSWEurope
HpGP-SPA-003,hspSWEurope
HpGP-SPA-414,hspSWEurope
HpGP-SPA-016,hspSWEurope
HpGP-SPA-201,hspSWEurope
HpGP-SPA-017,hspSWEurope
HpGP-SPA-403,hspSWEurope
HpGP-SPA-014,hspSWEurope
HpGP-ARG-007,hspSWEurope
HpGP-SPA-509,hspSWEurope
HpGP-SPA-020,hspSWEurope
HpGP-SPA-803,hspSWEurope
HpGP-SPA-104,hspSWEurope
HpGP-SPA-611,hspSWEurope
HpGP-SPA-321,hspSWEurope
HpGP-SPA-004,hspSWEurope
HpGP-SPA-601,hspSWEurope
HpGP-SPA-606,hspSWEurope
HpGP-SPA-325,hspSWEurope
HpGP-SPA-301,hspSWEurope
HpGP-SPA-404,hspSWEurope
HpGP-SPA-407,hspSWEurope
HpGP-POR-104,hspSWEurope
HpGP-FRA-020,hspSWEurope
HpGP-POR-012,hspSWEurope
HpGP-POR-114,hspSWEurope
HpGP-COG-002,hspSWEurope
HpGP-SPA-019,hspSWEurope
HpGP-POR-005,hspSWEurope
HpGP-POR-002,hspSWEurope
HpGP-BRA-025,hspSWEurope
HpGP-SPA-507,hspSWEurope
HpGP-SPA-015,hspSWEurope
HpGP-SPA-801,hspSWEurope
HpGP-POR-115,hspSWEurope
HpGP-SPA-807,hspSWEurope
HpGP-SPA-320,hspSWEurope
HpGP-PRI-008,hspSWEurope
HpGP-FRA-001,hspSWEurope
HpGP-SPA-319,hspSWEurope
HpGP-FRA-017,hspSWEurope
HpGP-ALG-004,hspSWEurope
HpGP-ALG-005,hspSWEurope
HpGP-FRA-009,hspSWEurope
HpGP-ALG-008,hspSWEurope
HpGP-ALG-003,hspSWEurope
HpGP-ALG-009,hspSWEurope
HpGP-ALG-006,hspSWEurope
HpGP-ALG-007,hspSWEurope
HpGP-USA-208,hspSWEurope
HpGP-ALG-001,hspSWEurope
HpGP-ALG-010,hspSWEurope
HpGP-ALG-002,hspSWEurope
HpGP-SPA-206,hspSWEurope
HpGP-COL-310,hspSWEurope
HpGP-COL-305,hspSWEurope
HpGP-ISR-009,hspSWEurope
HpGP-ISR-005,hspSWEurope
HpGP-ISR-008,hspSWEurope
HpGP-USA-402,hpNEAfrica
HpGP-USA-404,hpNEAfrica
HpGP-USA-401,hpNEAfrica
HpGP-USA-115,hpNEAfrica
HpGP-USA-414,hpNEAfrica
HpGP-USA-119,hpNEAfrica
HpGP-USA-116,hpNEAfrica
HpGP-USA-423,hpNEAfrica
HpGP-USA-120,hpNEAfrica
HpGP-USA-405,hpNEAfrica
HpGP-USA-410,hpNEAfrica
HpGP-USA-436,hpNEAfrica
HpGP-USA-407,hpNEAfrica
HpGP-USA-106,hpNEAfrica
HpGP-USA-431,hpNEAfrica
HpGP-MAL-007,hpNEAfrica
HpGP-SWT-010,hpNEAfrica
HpGP-CHI-102,hspSWEuropeChile
HpGP-CHI-114,hspSWEuropeChile
HpGP-CHI-014,hspSWEuropeChile
HpGP-CHI-113,hspSWEuropeChile
HpGP-CHI-017,hspSWEuropeChile
HpGP-CHI-007,hspSWEuropeChile
HpGP-CHI-126,hspSWEuropeChile
HpGP-CHI-117,hspSWEuropeChile
HpGP-CHI-101,hspSWEuropeChile
HpGP-CHI-204,hspSWEuropeChile
HpGP-CHI-104,hspSWEuropeChile
HpGP-CHI-016,hspSWEuropeChile
HpGP-CHI-002,hspSWEuropeChile
HpGP-CHI-107,hspSWEuropeChile
HpGP-CHI-210,hspSWEuropeChile
HpGP-CHI-103,hspSWEuropeChile
HpGP-CHI-106,hspSWEuropeChile
HpGP-COL-209,hspSWEuropeChile
HpGP-CHI-008,hspSWEuropeChile
HpGP-CHI-001,hspSWEuropeChile
HpGP-CHI-010,hspSWEuropeChile
HpGP-CHI-006,hspSWEuropeChile
HpGP-CHI-110,hspSWEuropeChile
HpGP-CHI-005,hspSWEuropeChile
HpGP-CHI-127,hspSWEuropeChile
HpGP-CHI-018,hspSWEuropeChile
HpGP-CHI-027,hspSWEuropeChile
HpGP-CHI-024,hspSWEuropeChile
HpGP-CHI-028,hspSWEuropeChile
HpGP-CHI-209,hspSWEuropeChile
HpGP-CHI-023,hspSWEuropeChile
HpGP-CHI-026,hspSWEuropeChile
HpGP-CHI-119,hspSWEuropeChile
HpGP-CHI-125,hspSWEuropeChile
HpGP-CHI-120,hspSWEuropeChile
HpGP-CHI-124,hspSWEuropeChile
HpGP-CHI-021,hspSWEuropeChile
HpGP-CHI-022,hspSWEuropeChile
HpGP-CHI-004,hspSWEuropeChile
HpGP-CHI-123,hspSWEuropeChile
HpGP-CHI-207,hspSWEuropeChile
HpGP-CHI-122,hspSWEuropeChile
HpGP-CHI-011,hspSWEuropeChile
HpGP-TUR-002,hspEurasia
HpGP-TUR-005,hspEurasia
HpGP-IDN-003,hspEurasia
HpGP-TUR-007,hspEurasia
HpGP-TUR-011,hspEurasia
HpGP-TUR-021,hspEurasia
HpGP-SWT-004,hspEurasia
HpGP-TUR-022,hspEurasia
HpGP-IRN-001,hspEurasia
HpGP-TUR-016,hspEurasia
HpGP-GRE-044,hspEurasia
HpGP-TUR-001,hspEurasia
HpGP-RUS-003,hspEurasia
HpGP-TUR-023,hspEurasia
HpGP-TUR-017,hspEurasia
HpGP-GRE-011,hspEurasia
HpGP-TUR-006,hspEurasia
HpGP-TUR-009,hspEurasia
HpGP-RUS-008,hspEurasia
HpGP-ITA-022,hspEurasia
HpGP-ITA-027,hspEurasia
HpGP-BGR-003,hspEurasia
HpGP-KGZ-001,hspEurasia
HpGP-KGZ-008,hspEurasia
HpGP-LAT-003,hspEurasia
HpGP-KGZ-009,hspEurasia
HpGP-LAT-033,hspEurasia
HpGP-POL-010,hspEurasia
HpGP-GER-002,hspEurasia
HpGP-SWT-007,hspEurasia
HpGP-LAT-002,hspEurasia
HpGP-LAT-008,hspEurasia
HpGP-GER-015,hspEurasia
HpGP-POL-105,hspEurasia
HpGP-POL-003,hspEurasia
HpGP-POL-009,hspEurasia
HpGP-FRA-007,hspEurasia
HpGP-RUS-011,hspEurasia
HpGP-LIT-012,hspEurasia
HpGP-POL-002,hspEurasia
HpGP-POL-006,hspEurasia
HpGP-GER-007,hspEurasia
HpGP-GER-004,hspEurasia
HpGP-GER-010,hspEurasia
HpGP-POL-001,hspEurasia
HpGP-GER-009,hspEurasia
HpGP-GER-016,hspEurasia
HpGP-GER-005,hspEurasia
HpGP-GER-012,hspEurasia
HpGP-GER-021,hspEurasia
HpGP-SWT-008,hspEurasia
HpGP-TUR-008,hspEurasia
HpGP-BGR-005,hspEurasia
HpGP-ITA-029,hspEurasia
HpGP-SPA-709,hspEurasia
HpGP-BGR-008,hspEurasia
HpGP-SPA-504,hspEurasia
HpGP-BGR-007,hspEurasia
HpGP-GRE-001,hspEurasia
HpGP-GRE-012,hspEurasia
HpGP-GRE-004,hspEurasia
HpGP-SPA-101,hspEurasia
HpGP-GRE-022,hspEurasia
HpGP-SWT-006,hspEurasia
HpGP-GRE-043,hspEurasia
HpGP-GRE-020,hspEurasia
HpGP-GRE-008,hspEurasia
HpGP-GRE-036,hspEurasia
HpGP-BGR-006,hspEurasia
HpGP-GRE-002,hspEurasia
HpGP-SWT-002,hspEurasia
HpGP-GRE-018,hspEurasia
HpGP-TUR-014,hspEurasia
HpGP-GER-006,hspEurasia
HpGP-GRE-019,hspEurasia
HpGP-LIT-002,hspEurasia
HpGP-POL-107,hspEurasia
HpGP-POL-008,hspEurasia
HpGP-POL-103,hspEurasia
HpGP-POL-102,hspEurasia
HpGP-GER-020,hspEurasia
HpGP-POL-004,hspEurasia
HpGP-GER-001,hspEurasia
HpGP-SWE-012,hspEurasia
HpGP-POL-104,hspEurasia
HpGP-SWE-003,hspEurasia
HpGP-SWE-004,hspEurasia
HpGP-POL-007,hspEurasia
HpGP-LIT-024,hspEurasia
HpGP-LIT-001,hspEurasia
HpGP-LIT-026,hspEurasia
HpGP-ITA-028,hspEurasia
HpGP-RUS-002,hspEurasia
HpGP-RUS-006,hspEurasia
HpGP-LIT-006,hspEurasia
HpGP-BGR-010,hspEurasia
HpGP-RUS-009,hspEurasia
HpGP-POL-005,hspEurasia
HpGP-POL-101,hspEurasia
HpGP-POL-110,hspEurasia
HpGP-POL-108,hspEurasia
HpGP-POL-109,hspEurasia
HpGP-POL-106,hspEurasia
HpGP-ITA-010,hspEurasia
HpGP-ITA-020,hspEurasia
HpGP-FRA-021,hspEurasia
HpGP-FRA-003,hspEurasia
HpGP-ITA-013,hspEurasia
HpGP-FRA-019,hspEurasia
HpGP-FRA-002,hspEurasia
HpGP-ITA-006,hspEurasia
HpGP-ITA-002,hspEurasia
HpGP-GER-019,hspEurasia
HpGP-ITA-018,hspEurasia
HpGP-FRA-008,hspEurasia
HpGP-FRA-004,hspEurasia
HpGP-FRA-011,hspEurasia
HpGP-FRA-016,hspEurasia
HpGP-KAZ-001,hspEurasia
HpGP-KGZ-003,hspEurasia
HpGP-GRE-006,hspEurasia
HpGP-GRE-042,hspEurasia
HpGP-BGR-004,hspEurasia
HpGP-GRE-003,hspEurasia
HpGP-TUR-004,hspEurasia
HpGP-TUR-010,hspEurasia
HpGP-IRN-003,hspEurasia
HpGP-BGR-001,hspEurasia
HpGP-IRN-009,hspEurasia
HpGP-USA-009,hspEurasia
HpGP-SWT-014,hspEurasia
HpGP-GRE-005,hspEurasia
HpGP-ISR-006,hspEurasia
HpGP-SWT-013,hspEurasia
HpGP-GRE-039,hspEurasia
HpGP-TUR-003,hspEurasia
HpGP-IRN-002,hspEurasia
HpGP-FRA-006,hspEurasia
HpGP-JOR-008,hspEurasia
HpGP-ISR-003,hspEurasia
HpGP-JOR-006,hspEurasia
HpGP-JOR-005,hspEurasia
HpGP-JOR-007,hspEurasia
HpGP-JOR-009,hspEurasia
HpGP-JOR-002,hspEurasia
HpGP-JOR-001,hspEurasia
HpGP-ISR-010,hspEurasia
HpGP-JOR-003,hspEurasia
HpGP-ISR-002,hspEurasia
HpGP-JOR-010,hspEurasia
HpGP-JOR-004,hspEurasia
HpGP-ISR-001,hspEurasia
HpGP-ISR-004,hspEurasia
HpGP-ISR-007,hspEurasia
HpGP-FRA-018,hspEurasia
HpGP-BRA-004,hspEurasia
HpGP-SWE-006,hspEurasia
HpGP-GRE-040,hspEurasia
HpGP-ITA-005,hspEurasia
HpGP-SPA-011,hspEurasia
HpGP-SWT-017,hspEurasia
HpGP-ITA-011,hspEurasia
HpGP-ITA-003,hspEurasia
HpGP-ITA-023,hspEurasia
HpGP-ITA-016,hspEurasia
HpGP-ITA-026,hspEurasia
HpGP-ITA-014,hspEurasia
HpGP-ITA-030,hspEurasia
HpGP-ITA-012,hspEurasia
HpGP-FRA-015,hspEurasia
HpGP-FRA-013,hspEurasia
HpGP-ITA-009,hspEurasia
HpGP-ITA-025,hspEurasia
HpGP-ITA-015,hspEurasia
HpGP-ITA-004,hspEurasia
HpGP-BRA-015,hspEurasia
HpGP-ITA-024,hspEurasia
HpGP-ITA-008,hspEurasia
HpGP-ITA-017,hspEurasia
HpGP-ITA-019,hspEurasia
HpGP-ITA-001,hspEurasia
HpGP-ITA-007,hspEurasia
HpGP-IND-002,hspEurasia
HpGP-NPL-010,hspEurasia
HpGP-IND-006,hspEurasia
HpGP-BGD-005,hspEurasia
HpGP-BGD-009,hspEurasia
HpGP-NPL-012,hspEurasia
HpGP-IND-005,hspEurasia
HpGP-NPL-005,hspEurasia
HpGP-NPL-006,hspEurasia
HpGP-BGD-006,hspEurasia
HpGP-BGD-004,hspEurasia
HpGP-BGD-010,hspEurasia
HpGP-IND-003,hspEurasia
HpGP-IND-004,hspEurasia
HpGP-GRE-041,hspEurasia
HpGP-GRE-046,hspEurasia
HpGP-BGD-007,hspEurasia
HpGP-NPL-002,hspEurasia
HpGP-LAT-032,hspNEurope
HpGP-LAT-011,hspNEurope
HpGP-SPA-806,hspNEurope
HpGP-LIT-008,hspNEurope
HpGP-LAT-022,hspNEurope
HpGP-LIT-029,hspNEurope
HpGP-LIT-007,hspNEurope
HpGP-LAT-012,hspNEurope
HpGP-LIT-023,hspNEurope
HpGP-LAT-009,hspNEurope
HpGP-LAT-023,hspNEurope
HpGP-LIT-030,hspNEurope
HpGP-LIT-025,hspNEurope
HpGP-LAT-027,hspNEurope
HpGP-LAT-030,hspNEurope
HpGP-LIT-041,hspNEurope
HpGP-LIT-020,hspNEurope
HpGP-RUS-004,hspNEurope
HpGP-LIT-003,hspNEurope
HpGP-LAT-025,hspNEurope
HpGP-LAT-014,hspNEurope
HpGP-LIT-028,hspNEurope
HpGP-RUS-001,hspNEurope
HpGP-LAT-004,hspNEurope
HpGP-RUS-007,hspNEurope
HpGP-LIT-013,hspNEurope
HpGP-LAT-026,hspNEurope
HpGP-LAT-007,hspNEurope
HpGP-LIT-004,hspNEurope
HpGP-LIT-032,hspNEurope
HpGP-LIT-035,hspNEurope
HpGP-LAT-024,hspNEurope
HpGP-LAT-001,hspNEurope
HpGP-LAT-018,hspNEurope
HpGP-LAT-021,hspNEurope
HpGP-LIT-021,hspNEurope
HpGP-LAT-006,hspNEurope
HpGP-LAT-015,hspNEurope
HpGP-LAT-034,hspNEurope
HpGP-LIT-031,hspNEurope
HpGP-LAT-010,hspNEurope
HpGP-LAT-019,hspNEurope
HpGP-LAT-031,hspNEurope
HpGP-LAT-028,hspNEurope
HpGP-LAT-005,hspNEurope
HpGP-LAT-035,hspNEurope
HpGP-RUS-010,hspNEurope
HpGP-LAT-036,hspNEurope
HpGP-LIT-010,hspNEurope
HpGP-LAT-017,hspNEurope
HpGP-LAT-020,hspNEurope
HpGP-KGZ-002,hspNEurope
HpGP-FRA-012,hspNEurope
HpGP-FRA-014,hspNEurope
HpGP-USA-101,hspNEurope
HpGP-USA-123,hspNEurope
HpGP-GER-013,hspNEurope
HpGP-SWT-011,hspNEurope
HpGP-26695-ATCC,hspNEurope
HpGP-IDN-004,hspNEurope
HpGP-SWE-030,hspNEurope
HpGP-SWE-005,hspNEurope
HpGP-SWE-015,hspNEurope
HpGP-SWE-025,hspNEurope
HpGP-SWE-016,hspNEurope
HpGP-SWE-007,hspNEurope
HpGP-SWE-002,hspNEurope
HpGP-SWE-031,hspNEurope
HpGP-SWE-008,hspNEurope
HpGP-SWE-010,hspNEurope
HpGP-SWE-036,hspNEurope
HpGP-SWE-032,hspNEurope
HpGP-SWE-017,hspNEurope
HpGP-SWE-022,hspNEurope
HpGP-SWE-034,hspNEurope
HpGP-SWE-033,hspNEurope
HpGP-SWE-013,hspNEurope
HpGP-SWE-024,hspNEurope
HpGP-SWE-027,hspNEurope
HpGP-SWE-001,hspNEurope
HpGP-SWE-019,hspNEurope
HpGP-SWE-028,hspNEurope
HpGP-SWE-014,hspNEurope
HpGP-SWE-026,hspNEurope
HpGP-CAN-026,hspNEurope
HpGP-CAN-025,hspNEurope
HpGP-CAN-022,hspNEurope
HpGP-CAN-008,hspNEurope
HpGP-CAN-014,hspNEurope
HpGP-CAN-017,hspNEurope
HpGP-ISL-003,hspNEurope
HpGP-ISL-011,hspNEurope
HpGP-ISL-007,hspNEurope
HpGP-ISL-006,hspNEurope
HpGP-ISL-009,hspNEurope
HpGP-ISL-008,hspNEurope
HpGP-ISL-010,hspNEurope
HpGP-ISL-002,hspNEurope
HpGP-ISL-004,hspNEurope
HpGP-ISL-005,hspNEurope
HpGP-ISL-001,hspNEurope
HpGP-SWE-021,hspNEurope
HpGP-SWE-018,hspNEurope
HpGP-COL-102,hspAfrica1MiscAmerica
HpGP-COL-006,hspAfrica1MiscAmerica
HpGP-COL-108,hspAfrica1MiscAmerica
HpGP-COL-109,hspAfrica1MiscAmerica
HpGP-SPA-609,hspAfrica1MiscAmerica
HpGP-COL-206,hspAfrica1MiscAmerica
HpGP-NGA-010,hspAfrica1MiscAmerica
HpGP-NGA-006,hspAfrica1MiscAmerica
HpGP-HON-014,hspAfrica1MiscAmerica
HpGP-COL-003,hspAfrica1MiscAmerica
HpGP-HON-006,hspAfrica1MiscAmerica
HpGP-HON-013,hspAfrica1MiscAmerica
HpGP-PER-140,hspAfrica1MiscAmerica
HpGP-PER-112,hspAfrica1MiscAmerica
HpGP-USA-411,hspAfrica1MiscAmerica
HpGP-SPA-402,hspAfrica1MiscAmerica
HpGP-SPA-409,hspAfrica1MiscAmerica
HpGP-CAN-002,hspAfrica1MiscAmerica
HpGP-CAN-004,hspAfrica1MiscAmerica
HpGP-CRI-004,hspAfrica1NAmerica
HpGP-CRI-007,hspAfrica1NAmerica
HpGP-SPA-202,hspAfrica1NAmerica
HpGP-BRA-018,hspAfrica1NAmerica
HpGP-USA-428,hspAfrica1NAmerica
HpGP-USA-408,hspAfrica1NAmerica
HpGP-USA-413,hspAfrica1NAmerica
HpGP-COL-306,hspAfrica1NAmerica
HpGP-CAN-012,hspAfrica1NAmerica
HpGP-NGA-019,hspAfrica1NAmerica
HpGP-USA-003,hspAfrica1NAmerica
HpGP-COL-207,hspAfrica1NAmerica
HpGP-COL-208,hspAfrica1NAmerica
HpGP-BRA-014,hspAfrica1NAmerica
HpGP-USA-206,hspAfrica1NAmerica
HpGP-DOM-007,hspAfrica1NAmerica
HpGP-PER-013,hspAfrica1NAmerica
HpGP-PER-020,hspAfrica1NAmerica
HpGP-USA-104,hspAfrica1NAmerica
HpGP-USA-437,hspAfrica1NAmerica
HpGP-USA-415,hspAfrica1NAmerica
HpGP-USA-418,hspAfrica1NAmerica
HpGP-USA-434,hspAfrica1NAmerica
HpGP-USA-301,hspAfrica1NAmerica
HpGP-USA-311,hspAfrica1NAmerica
HpGP-USA-420,hspAfrica1NAmerica
HpGP-NGA-017,hspAfrica1NAmerica
HpGP-ZAF-011,hspAfrica1NAmerica
HpGP-USA-105,hspAfrica1NAmerica
HpGP-USA-424,hspAfrica1NAmerica
HpGP-USA-409,hspAfrica1NAmerica
HpGP-USA-421,hspAfrica1NAmerica
HpGP-BRA-002,hspAfrica1NAmerica
HpGP-USA-102,hspAfrica1NAmerica
HpGP-USA-202,hspAfrica1NAmerica
HpGP-USA-433,hspAfrica1NAmerica
HpGP-USA-429,hspAfrica1NAmerica
HpGP-BRA-001,hspAfrica1NAmerica
HpGP-USA-419,hspAfrica1NAmerica
HpGP-DOM-004,hspAfrica1NAmerica
HpGP-COL-205,hspAfrica1NAmerica
HpGP-PRI-005,hspAfrica1NAmerica
HpGP-DOM-011,hspAfrica1NAmerica
HpGP-USA-432,hspAfrica1NAmerica
HpGP-GHA-009,hspAfrica1NAmerica
HpGP-USA-305,hspAfrica1NAmerica
HpGP-USA-412,hspAfrica1NAmerica
HpGP-USA-406,hspAfrica1NAmerica
HpGP-USA-303,hspAfrica1NAmerica
HpGP-DOM-006,hspAfrica1NAmerica
HpGP-USA-306,hspAfrica1NAmerica
HpGP-GMB-009,hspAfrica1NAmerica
HpGP-USA-417,hspAfrica1NAmerica
HpGP-GHA-003,hspAfrica1NAmerica
HpGP-BRA-019,hspAfrica1NAmerica
HpGP-SPA-317,hspAfrica1NAmerica
HpGP-USA-416,hspAfrica1NAmerica
HpGP-USA-304,hspAfrica1NAmerica
HpGP-GMB-007,hspAfrica1WAfrica
HpGP-POR-004,hspAfrica1WAfrica
HpGP-GMB-008,hspAfrica1WAfrica
HpGP-GMB-004,hspAfrica1WAfrica
HpGP-USA-427,hspAfrica1WAfrica
HpGP-USA-403,hspAfrica1WAfrica
HpGP-GMB-003,hspAfrica1WAfrica
HpGP-USA-435,hspAfrica1WAfrica
HpGP-HON-010,hspAfrica1SAfrica
HpGP-HON-021,hspAfrica1SAfrica
HpGP-HON-023,hspAfrica1SAfrica
HpGP-HON-015,hspAfrica1SAfrica
HpGP-PER-116,hspAfrica1SAfrica
HpGP-HON-012,hspAfrica1SAfrica
HpGP-HON-004,hspAfrica1SAfrica
HpGP-HON-019,hspAfrica1SAfrica
HpGP-HON-020,hspAfrica1SAfrica
HpGP-HON-017,hspAfrica1SAfrica
HpGP-HON-018,hspAfrica1SAfrica
HpGP-HON-007,hspAfrica1SAfrica
HpGP-HON-003,hspAfrica1SAfrica
HpGP-GTM-010,hspAfrica1SAfrica
HpGP-BRA-023,hspAfrica1SAfrica
HpGP-ARG-006,hspAfrica1SAfrica
HpGP-COL-318,hspAfrica1SAfrica
HpGP-ZAF-002,hspAfrica1SAfrica
HpGP-ZAF-004,hspAfrica1SAfrica
HpGP-ZAF-010,hspAfrica1SAfrica
HpGP-ZAF-008,hspAfrica1SAfrica
HpGP-COG-003,hspAfrica1SAfrica
HpGP-COG-007,hspAfrica1SAfrica
HpGP-COG-004,hspAfrica1SAfrica
HpGP-COG-010,hspAfrica1SAfrica
HpGP-COG-005,hspAfrica1SAfrica
HpGP-COG-008,hspAfrica1SAfrica
HpGP-COG-006,hspAfrica1SAfrica
HpGP-COG-011,hspAfrica1SAfrica
HpGP-COG-001,hspAfrica1SAfrica
HpGP-BRA-007,hspAfrica1SAfrica
HpGP-BRA-022,hspAfrica1SAfrica
HpGP-BRA-020,hspAfrica1SAfrica
HpGP-COG-009,hspAfrica1SAfrica
HpGP-POR-006,hspAfrica1SAfrica
HpGP-BRA-013,hspAfrica1SAfrica
HpGP-BRA-005,hspAfrica1SAfrica
HpGP-BRA-010,hspAfrica1SAfrica
HpGP-ZAF-001,HpAfrica2
HpGP-ZAF-007,HpAfrica2
HpGP-ZAF-006,HpAfrica2
HpGP-ZAF-009,HpAfrica2
HpGP-JAP-102,hspUral
HpGP-JAP-104,hspUral
HpGP-KGZ-004,hspUral
HpGP-KGZ-010,hspUral
HpGP-KGZ-005,hspUral
HpGP-KGZ-007,hspUral
HpGP-LAT-029,hspUral
HpGP-IDN-001,hspUral
HpGP-IDN-007,hspUral
HpGP-IDN-010,hspUral
HpGP-NPL-004,hspUral
HpGP-NPL-007,hspUral
HpGP-IDN-011,hpSahul
HpGP-KAZ-002,hpNorthAsia
HpGP-KGZ-006,hpNorthAsia
HpGP-MEX-028,hspIndigenousAmerica
HpGP-USA-205,hspIndigenousAmerica
HpGP-PER-121,hspIndigenousAmerica
HpGP-PER-019,hspIndigenousAmerica
HpGP-PER-111,hspIndigenousAmerica
HpGP-PER-138,hspIndigenousAmerica
HpGP-SPA-706,hspIndigenousAmerica
HpGP-PER-011,hspIndigenousAmerica
HpGP-CHI-105,hspIndigenousAmerica
HpGP-CHI-116,hspIndigenousAmerica
HpGP-CAN-011,hspIndigenousAmerica
HpGP-CAN-006,hspIndigenousAmerica
HpGP-CAN-015,hspIndigenousAmerica
HpGP-CAN-010,hspIndigenousAmerica
HpGP-CAN-018,hspIndigenousAmerica
HpGP-CAN-016,hspIndigenousAmerica
HpGP-CAN-007,hspIndigenousAmerica
HpGP-CAN-020,hspIndigenousAmerica
HpGP-CAN-023,hspIndigenousAmerica
HpGP-CAN-001,hspIndigenousAmerica
HpGP-CAN-019,hspIndigenousAmerica
HpGP-MMR-009,HpAsia2
HpGP-MMR-007,HpAsia2
HpGP-MMR-012,HpAsia2
HpGP-MMR-010,HpAsia2
HpGP-MMR-006,HpAsia2
HpGP-MMR-001,HpAsia2
HpGP-MMR-004,HpAsia2
HpGP-BGD-001,HpAsia2
HpGP-MMR-011,HpAsia2
HpGP-BGD-008,HpAsia2
HpGP-BGD-002,HpAsia2
HpGP-BGD-003,HpAsia2
HpGP-MMR-008,HpAsia2
HpGP-MMR-002,HpAsia2
HpGP-MMR-005,HpAsia2
HpGP-USA-422,HpAsia2
HpGP-MAL-017,HpAsia2
HpGP-IND-010,HpAsia2
HpGP-MAL-019,HpAsia2
HpGP-MMR-003,HpAsia2
HpGP-MAL-025,HpAsia2
HpGP-MAL-004,HpAsia2
HpGP-MAL-002,HpAsia2
HpGP-MAL-016,HpAsia2
HpGP-IND-007,HpAsia2
HpGP-IND-008,HpAsia2
HpGP-IND-001,HpAsia2
HpGP-IND-009,HpAsia2
HpGP-NPL-001,HpAsia2
HpGP-NPL-011,HpAsia2
HpGP-NPL-013,HpAsia2
HpGP-NPL-003,HpAsia2
HpGP-NPL-009,HpAsia2
HpGP-NPL-008,HpAsia2
HpGP-KOR-032,hspEAsia
HpGP-KOR-052,hspEAsia
HpGP-KOR-053,hspEAsia
HpGP-KOR-050,hspEAsia
HpGP-KOR-119,hspEAsia
HpGP-KOR-012,hspEAsia
HpGP-KOR-116,hspEAsia
HpGP-KOR-007,hspEAsia
HpGP-KOR-006,hspEAsia
HpGP-KOR-002,hspEAsia
HpGP-KOR-049,hspEAsia
HpGP-ARG-008,hspEAsia
HpGP-KOR-016,hspEAsia
HpGP-KOR-115,hspEAsia
HpGP-KOR-034,hspEAsia
HpGP-KOR-111,hspEAsia
HpGP-KOR-112,hspEAsia
HpGP-KOR-036,hspEAsia
HpGP-KOR-001,hspEAsia
HpGP-KOR-110,hspEAsia
HpGP-KOR-005,hspEAsia
HpGP-KOR-045,hspEAsia
HpGP-KOR-014,hspEAsia
HpGP-KOR-021,hspEAsia
HpGP-KOR-029,hspEAsia
HpGP-KOR-051,hspEAsia
HpGP-KOR-020,hspEAsia
HpGP-KOR-024,hspEAsia
HpGP-KOR-044,hspEAsia
HpGP-KOR-035,hspEAsia
HpGP-KOR-010,hspEAsia
HpGP-KOR-101,hspEAsia
HpGP-KOR-037,hspEAsia
HpGP-ARG-010,hspEAsia
HpGP-KOR-009,hspEAsia
HpGP-KOR-046,hspEAsia
HpGP-KOR-109,hspEAsia
HpGP-KOR-013,hspEAsia
HpGP-JAP-013,hspEAsia
HpGP-KOR-105,hspEAsia
HpGP-KOR-004,hspEAsia
HpGP-ARG-009,hspEAsia
HpGP-KOR-047,hspEAsia
HpGP-KOR-025,hspEAsia
HpGP-KOR-048,hspEAsia
HpGP-JAP-112,hspEAsia
HpGP-KOR-041,hspEAsia
HpGP-KOR-022,hspEAsia
HpGP-KOR-033,hspEAsia
HpGP-KOR-117,hspEAsia
HpGP-KOR-042,hspEAsia
HpGP-KOR-019,hspEAsia
HpGP-KOR-114,hspEAsia
HpGP-KOR-043,hspEAsia
HpGP-KOR-023,hspEAsia
HpGP-JAP-017,hspEAsia
HpGP-KOR-027,hspEAsia
HpGP-KOR-118,hspEAsia
HpGP-KOR-008,hspEAsia
HpGP-KOR-028,hspEAsia
HpGP-JAP-009,hspEAsia
HpGP-CHN-008,hspEAsia
HpGP-CHN-007,hspEAsia
HpGP-CHN-001,hspEAsia
HpGP-CHN-009,hspEAsia
HpGP-CHN-003,hspEAsia
HpGP-CHN-010,hspEAsia
HpGP-CHN-005,hspEAsia
HpGP-CHN-006,hspEAsia
HpGP-CHN-002,hspEAsia
HpGP-CHN-004,hspEAsia
HpGP-JAP-105,hspEAsia
HpGP-JAP-106,hspEAsia
HpGP-BRA-012,hspEAsia
HpGP-JAP-114,hspEAsia
HpGP-JAP-103,hspEAsia
HpGP-JAP-002,hspEAsia
HpGP-JAP-015,hspEAsia
HpGP-JAP-111,hspEAsia
HpGP-JAP-022,hspEAsia
HpGP-JAP-019,hspEAsia
HpGP-JAP-029,hspEAsia
HpGP-JAP-021,hspEAsia
HpGP-JAP-016,hspEAsia
HpGP-JAP-113,hspEAsia
HpGP-JAP-028,hspEAsia
HpGP-JAP-107,hspEAsia
HpGP-JAP-109,hspEAsia
HpGP-JAP-026,hspEAsia
HpGP-TWN-030,hspEAsia
HpGP-CHI-208,hspEAsia
HpGP-IDN-002,hspEAsia
HpGP-IDN-005,hspEAsia
HpGP-IDN-008,hspEAsia
HpGP-VNM-005,hspEAsia
HpGP-VNM-006,hspEAsia
HpGP-VNM-003,hspEAsia
HpGP-VNM-002,hspEAsia
HpGP-VNM-009,hspEAsia
HpGP-VNM-007,hspEAsia
HpGP-VNM-001,hspEAsia
HpGP-VNM-004,hspEAsia
HpGP-VNM-008,hspEAsia
HpGP-TWN-006,hspEAsia
HpGP-TWN-002,hspEAsia
HpGP-SGP-024,hspEAsia
HpGP-TWN-005,hspEAsia
HpGP-SGP-015,hspEAsia
HpGP-TWN-016,hspEAsia
HpGP-TWN-024,hspEAsia
HpGP-MAL-015,hspEAsia
HpGP-TWN-021,hspEAsia
HpGP-TWN-003,hspEAsia
HpGP-MAL-012,hspEAsia
HpGP-SGP-019,hspEAsia
HpGP-TWN-004,hspEAsia
HpGP-SGP-036,hspEAsia
HpGP-TWN-026,hspEAsia
HpGP-MAL-018,hspEAsia
HpGP-SGP-004,hspEAsia
HpGP-SGP-009,hspEAsia
HpGP-TWN-019,hspEAsia
HpGP-TWN-020,hspEAsia
HpGP-SGP-005,hspEAsia
HpGP-TWN-022,hspEAsia
HpGP-TWN-009,hspEAsia
HpGP-USA-425,hspEAsia
HpGP-SGP-033,hspEAsia
HpGP-TWN-028,hspEAsia
HpGP-TWN-027,hspEAsia
HpGP-TWN-001,hspEAsia
HpGP-TWN-007,hspEAsia
HpGP-SGP-006,hspEAsia
HpGP-SGP-017,hspEAsia
HpGP-TWN-017,hspEAsia
HpGP-SGP-008,hspEAsia
HpGP-SGP-038,hspEAsia
HpGP-TWN-023,hspEAsia
HpGP-SGP-002,hspEAsia
HpGP-SGP-003,hspEAsia
HpGP-MAL-003,hspEAsia
HpGP-MAL-023,hspEAsia
HpGP-TWN-008,hspEAsia
HpGP-TWN-018,hspEAsia
HpGP-JAP-108,hspEAsia
HpGP-JAP-101,hspEAsia
HpGP-JAP-010,hspEAsia
HpGP-JAP-012,hspEAsia
HpGP-JAP-115,hspEAsia
HpGP-SGP-014,hspEAsia
HpGP-SGP-032,hspEAsia
HpGP-SGP-026,hspEAsia
HpGP-MAL-005,hspEAsia
HpGP-MAL-006,hspEAsia
HpGP-SGP-012,hspEAsia
HpGP-MAL-021,hspEAsia
HpGP-MAL-020,hspEAsia
HpGP-MAL-022,hspEAsia
HpGP-USA-011,hspEAsia
HpGP-TWN-029,hspEAsia
HpGP-TWN-010,hspEAsia
HpGP-MAL-010,hspEAsia
HpGP-SGP-013,hspEAsia
HpGP-SGP-018,hspEAsia
HpGP-SGP-007,hspEAsia
HpGP-MAL-008,hspEAsia
