Sample	GrafGen
HpGP-ALG-001	hpgpMediterranea
HpGP-ALG-002	hpgpEuroamerica
HpGP-ALG-003	hpgpEuroamerica
HpGP-ALG-004	hpgpMediterranea
HpGP-ALG-005	hpgpMediterranea
HpGP-ALG-006	hpgpMediterranea
HpGP-ALG-007	hpgpMediterranea
HpGP-ALG-008	hpgpMediterranea
HpGP-ALG-009	hpgpMediterranea
HpGP-ALG-010	hpgpMediterranea
HpGP-ARG-001	hpgpMediterranea
HpGP-ARG-002	hpgpEuroamerica
HpGP-ARG-003	hpgpMediterranea
HpGP-ARG-004	hpgpMediterranea
HpGP-ARG-005	hpgpMediterranea
HpGP-ARG-006	hpgpAfroamerica
HpGP-ARG-007	hpgpMediterranea
HpGP-ARG-008	hpgpAsia
HpGP-ARG-009	hpgpAsia
HpGP-ARG-010	hpgpAsia
HpGP-BGD-001	hpgpEurasia
HpGP-BGD-002	hpgpEurasia
HpGP-BGD-003	hpgpEurasia
HpGP-BGD-004	hpgpEurope
HpGP-BGD-005	hpgpEurope
HpGP-BGD-006	hpgpEurope
HpGP-BGD-007	hpgpEurope
HpGP-BGD-008	hpgpEurasia
HpGP-BGD-009	hpgpEurope
HpGP-BGD-010	hpgpEurope
HpGP-BGR-001	hpgpEurope
HpGP-BGR-003	hpgpEurope
HpGP-BGR-004	hpgpEurope
HpGP-BGR-005	hpgpEurope
HpGP-BGR-006	hpgpEurope
HpGP-BGR-007	hpgpEurope
HpGP-BGR-008	hpgpEurope
HpGP-BGR-010	hpgpEurope
HpGP-BRA-001	hpgpAfrica
HpGP-BRA-002	hpgpAfrica
HpGP-BRA-003	hpgpMediterranea
HpGP-BRA-004	hpgpEurope
HpGP-BRA-005	hpgpAfrica
HpGP-BRA-006	hpgpMediterranea
HpGP-BRA-007	hpgpAfrica
HpGP-BRA-008	hpgpEuroamerica
HpGP-BRA-009	hpgpMediterranea
HpGP-BRA-010	hpgpAfrica
HpGP-BRA-012	hpgpAsia
HpGP-BRA-013	hpgpAfrica
HpGP-BRA-014	hpgpAfroamerica
HpGP-BRA-015	hpgpEurope
HpGP-BRA-017	hpgpMediterranea
HpGP-BRA-018	hpgpAfrica
HpGP-BRA-019	hpgpAfrica
HpGP-BRA-020	hpgpAfrica
HpGP-BRA-022	hpgpAfrica
HpGP-BRA-023	hpgpAfroamerica
HpGP-BRA-025	hpgpEuroamerica
HpGP-CAN-001	hpgpAsia
HpGP-CAN-002	hpgpAfroamerica
HpGP-CAN-004	hpgpAfroamerica
HpGP-CAN-006	hpgpAklavik86-like
HpGP-CAN-007	hpgpAklavik86-like
HpGP-CAN-008	hpgpEurasia
HpGP-CAN-010	hpgpAklavik86-like
HpGP-CAN-011	hpgpAklavik86-like
HpGP-CAN-012	hpgpAfroamerica
HpGP-CAN-014	hpgpEurasia
HpGP-CAN-015	hpgpAklavik86-like
HpGP-CAN-016	hpgpAklavik86-like
HpGP-CAN-017	hpgpEurasia
HpGP-CAN-018	hpgpAklavik86-like
HpGP-CAN-019	hpgpAklavik86-like
HpGP-CAN-020	hpgpAsia
HpGP-CAN-022	hpgpEurasia
HpGP-CAN-023	hpgpAsia
HpGP-CAN-025	hpgpEurasia
HpGP-CAN-026	hpgpEurasia
HpGP-CHI-001	hpgpMediterranea
HpGP-CHI-002	hpgpMediterranea
HpGP-CHI-004	hpgpEuroamerica
HpGP-CHI-005	hpgpEuroamerica
HpGP-CHI-006	hpgpMediterranea
HpGP-CHI-007	hpgpMediterranea
HpGP-CHI-008	hpgpMediterranea
HpGP-CHI-010	hpgpMediterranea
HpGP-CHI-011	hpgpEuroamerica
HpGP-CHI-014	hpgpMediterranea
HpGP-CHI-016	hpgpMediterranea
HpGP-CHI-017	hpgpMediterranea
HpGP-CHI-018	hpgpEuroamerica
HpGP-CHI-021	hpgpEuroamerica
HpGP-CHI-022	hpgpAfroamerica
HpGP-CHI-023	hpgpEuroamerica
HpGP-CHI-024	hpgpEuroamerica
HpGP-CHI-026	hpgpEuroamerica
HpGP-CHI-027	hpgpEuroamerica
HpGP-CHI-028	hpgpEuroamerica
HpGP-CHI-101	hpgpMediterranea
HpGP-CHI-102	hpgpMediterranea
HpGP-CHI-103	hpgpMediterranea
HpGP-CHI-104	hpgpMediterranea
HpGP-CHI-105	hpgpAklavik86-like
HpGP-CHI-106	hpgpMediterranea
HpGP-CHI-107	hpgpMediterranea
HpGP-CHI-110	hpgpMediterranea
HpGP-CHI-113	hpgpMediterranea
HpGP-CHI-114	hpgpMediterranea
HpGP-CHI-116	hpgpAklavik86-like
HpGP-CHI-117	hpgpMediterranea
HpGP-CHI-119	hpgpEuroamerica
HpGP-CHI-120	hpgpAfroamerica
HpGP-CHI-122	hpgpEuroamerica
HpGP-CHI-123	hpgpEuroamerica
HpGP-CHI-124	hpgpAfroamerica
HpGP-CHI-125	hpgpEuroamerica
HpGP-CHI-126	hpgpMediterranea
HpGP-CHI-127	hpgpEuroamerica
HpGP-CHI-204	hpgpMediterranea
HpGP-CHI-207	hpgpEuroamerica
HpGP-CHI-208	hpgpAsia
HpGP-CHI-209	hpgpEuroamerica
HpGP-CHI-210	hpgpMediterranea
HpGP-CHI-212	hpgpEuroamerica
HpGP-CHN-001	hpgpAsia
HpGP-CHN-002	hpgpAsia
HpGP-CHN-003	hpgpAsia
HpGP-CHN-004	hpgpAsia
HpGP-CHN-005	hpgpAsia
HpGP-CHN-006	hpgpAsia
HpGP-CHN-007	hpgpAsia
HpGP-CHN-008	hpgpAsia
HpGP-CHN-009	hpgpAsia
HpGP-CHN-010	hpgpAsia
HpGP-COG-001	hpgpAfrica
HpGP-COG-002	hpgpMediterranea
HpGP-COG-003	hpgpAfrica
HpGP-COG-004	hpgpAfrica
HpGP-COG-005	hpgpAfrica
HpGP-COG-006	hpgpAfrica
HpGP-COG-007	hpgpAfrica
HpGP-COG-008	hpgpAfrica
HpGP-COG-009	hpgpAfrica
HpGP-COG-010	hpgpAfrica
HpGP-COG-011	hpgpAfrica
HpGP-COL-002	hpgpMediterranea
HpGP-COL-003	hpgpAfroamerica
HpGP-COL-004	hpgpMediterranea
HpGP-COL-005	hpgpMediterranea
HpGP-COL-006	hpgpAfroamerica
HpGP-COL-008	hpgpEuroamerica
HpGP-COL-010	hpgpMediterranea
HpGP-COL-102	hpgpAfroamerica
HpGP-COL-103	hpgpEuroamerica
HpGP-COL-104	hpgpEuroamerica
HpGP-COL-105	hpgpMediterranea
HpGP-COL-106	hpgpMediterranea
HpGP-COL-107	hpgpEuroamerica
HpGP-COL-108	hpgpAfroamerica
HpGP-COL-109	hpgpAfroamerica
HpGP-COL-110	hpgpEuroamerica
HpGP-COL-112	hpgpEuroamerica
HpGP-COL-113	hpgpEuroamerica
HpGP-COL-114	hpgpEuroamerica
HpGP-COL-118	hpgpEuroamerica
HpGP-COL-119	hpgpEuroamerica
HpGP-COL-120	hpgpEuroamerica
HpGP-COL-121	hpgpEuroamerica
HpGP-COL-122	hpgpEuroamerica
HpGP-COL-201	hpgpMediterranea
HpGP-COL-202	hpgpMediterranea
HpGP-COL-203	hpgpMediterranea
HpGP-COL-204	hpgpEuroamerica
HpGP-COL-205	hpgpAfrica
HpGP-COL-206	hpgpEuroamerica
HpGP-COL-207	hpgpAfroamerica
HpGP-COL-208	hpgpAfrica
HpGP-COL-209	hpgpMediterranea
HpGP-COL-210	hpgpEuroamerica
HpGP-COL-211	hpgpEuroamerica
HpGP-COL-301	hpgpEuroamerica
HpGP-COL-302	hpgpEuroamerica
HpGP-COL-303	hpgpEuroamerica
HpGP-COL-305	hpgpMediterranea
HpGP-COL-306	hpgpAfroamerica
HpGP-COL-307	hpgpEuroamerica
HpGP-COL-308	hpgpEuroamerica
HpGP-COL-309	hpgpEuroamerica
HpGP-COL-310	hpgpMediterranea
HpGP-COL-318	hpgpAfroamerica
HpGP-CRI-001	hpgpEuroamerica
HpGP-CRI-002	hpgpEuroamerica
HpGP-CRI-003	hpgpEuroamerica
HpGP-CRI-004	hpgpAfroamerica
HpGP-CRI-005	hpgpEuroamerica
HpGP-CRI-006	hpgpEuroamerica
HpGP-CRI-007	hpgpAfroamerica
HpGP-CRI-008	hpgpEuroamerica
HpGP-DOM-001	hpgpMediterranea
HpGP-DOM-002	hpgpMediterranea
HpGP-DOM-003	hpgpEuroamerica
HpGP-DOM-004	hpgpAfrica
HpGP-DOM-005	hpgpEuroamerica
HpGP-DOM-006	hpgpAfrica
HpGP-DOM-007	hpgpAfroamerica
HpGP-DOM-008	hpgpMediterranea
HpGP-DOM-009	hpgpMediterranea
HpGP-DOM-010	hpgpMediterranea
HpGP-DOM-011	hpgpAfrica
HpGP-FRA-001	hpgpMediterranea
HpGP-FRA-002	hpgpMediterranea
HpGP-FRA-003	hpgpMediterranea
HpGP-FRA-004	hpgpMediterranea
HpGP-FRA-005	hpgpMediterranea
HpGP-FRA-006	hpgpEurope
HpGP-FRA-007	hpgpEurope
HpGP-FRA-008	hpgpEurope
HpGP-FRA-009	hpgpMediterranea
HpGP-FRA-010	hpgpMediterranea
HpGP-FRA-011	hpgpEurope
HpGP-FRA-012	hpgpEurope
HpGP-FRA-013	hpgpEurope
HpGP-FRA-014	hpgpEurope
HpGP-FRA-015	hpgpEurope
HpGP-FRA-016	hpgpEurope
HpGP-FRA-017	hpgpEuroamerica
HpGP-FRA-018	hpgpMediterranea
HpGP-FRA-019	hpgpEurope
HpGP-FRA-020	hpgpMediterranea
HpGP-FRA-021	hpgpEurope
HpGP-GER-001	hpgpEurope
HpGP-GER-002	hpgpEurope
HpGP-GER-003	hpgpEurope
HpGP-GER-004	hpgpEurope
HpGP-GER-005	hpgpEurope
HpGP-GER-006	hpgpEurope
HpGP-GER-007	hpgpEurope
HpGP-GER-009	hpgpEurope
HpGP-GER-010	hpgpEurope
HpGP-GER-012	hpgpEurope
HpGP-GER-013	hpgpEurope
HpGP-GER-015	hpgpEurope
HpGP-GER-016	hpgpEurope
HpGP-GER-018	hpgpMediterranea
HpGP-GER-019	hpgpEurope
HpGP-GER-020	hpgpEurope
HpGP-GER-021	hpgpEurope
HpGP-GHA-003	hpgpAfrica
HpGP-GHA-009	hpgpAfrica
HpGP-GMB-003	hpgpAfrica
HpGP-GMB-004	hpgpAfrica
HpGP-GMB-007	hpgpAfrica
HpGP-GMB-008	hpgpAfrica
HpGP-GMB-009	hpgpAfrica
HpGP-GRE-001	hpgpEurope
HpGP-GRE-002	hpgpEurope
HpGP-GRE-003	hpgpEurope
HpGP-GRE-004	hpgpEurope
HpGP-GRE-005	hpgpEurope
HpGP-GRE-006	hpgpEurope
HpGP-GRE-008	hpgpEurope
HpGP-GRE-011	hpgpEurope
HpGP-GRE-012	hpgpEurope
HpGP-GRE-018	hpgpEurope
HpGP-GRE-019	hpgpEurope
HpGP-GRE-020	hpgpEurope
HpGP-GRE-022	hpgpEurope
HpGP-GRE-036	hpgpEurope
HpGP-GRE-039	hpgpEurope
HpGP-GRE-040	hpgpMediterranea
HpGP-GRE-041	hpgpEurope
HpGP-GRE-042	hpgpEurope
HpGP-GRE-043	hpgpEurope
HpGP-GRE-044	hpgpEurope
HpGP-GRE-046	hpgpEurope
HpGP-GTM-004	hpgpEuroamerica
HpGP-GTM-007	hpgpMediterranea
HpGP-GTM-010	hpgpAfroamerica
HpGP-HON-001	hpgpEuroamerica
HpGP-HON-002	hpgpEuroamerica
HpGP-HON-003	hpgpAfroamerica
HpGP-HON-004	hpgpAfroamerica
HpGP-HON-005	hpgpEuroamerica
HpGP-HON-006	hpgpEuroamerica
HpGP-HON-007	hpgpAfroamerica
HpGP-HON-009	hpgpEuroamerica
HpGP-HON-010	hpgpAfroamerica
HpGP-HON-011	hpgpEuroamerica
HpGP-HON-012	hpgpAfroamerica
HpGP-HON-013	hpgpAfroamerica
HpGP-HON-014	hpgpAfroamerica
HpGP-HON-015	hpgpAfroamerica
HpGP-HON-016	hpgpEuroamerica
HpGP-HON-017	hpgpAfrica
HpGP-HON-018	hpgpAfroamerica
HpGP-HON-019	hpgpAfroamerica
HpGP-HON-020	hpgpAfroamerica
HpGP-HON-021	hpgpAfroamerica
HpGP-HON-023	hpgpAfroamerica
HpGP-HON-024	hpgpMediterranea
HpGP-HON-025	hpgpEuroamerica
HpGP-HON-026	hpgpEuroamerica
HpGP-HON-027	hpgpEuroamerica
HpGP-HON-028	hpgpEuroamerica
HpGP-IDN-001	hpgpEuroamerica
HpGP-IDN-002	hpgpAsia
HpGP-IDN-003	hpgpEurope
HpGP-IDN-004	hpgpEurope
HpGP-IDN-005	hpgpAsia
HpGP-IDN-006	hpgpMediterranea
HpGP-IDN-007	hpgpAsia
HpGP-IDN-008	hpgpAsia
HpGP-IDN-009	hpgpMediterranea
HpGP-IDN-010	hpgpEurasia
HpGP-IDN-011	hpgpEurasia
HpGP-IND-001	hpgpEurasia
HpGP-IND-002	hpgpEurope
HpGP-IND-003	hpgpEurope
HpGP-IND-004	hpgpEurope
HpGP-IND-005	hpgpEurope
HpGP-IND-006	hpgpEurope
HpGP-IND-007	hpgpEurasia
HpGP-IND-008	hpgpEurasia
HpGP-IND-009	hpgpEurasia
HpGP-IND-010	hpgpEurasia
HpGP-IRN-001	hpgpEurope
HpGP-IRN-002	hpgpEurope
HpGP-IRN-003	hpgpEurope
HpGP-IRN-009	hpgpEurope
HpGP-ISL-001	hpgpEurasia
HpGP-ISL-002	hpgpEurasia
HpGP-ISL-003	hpgpEurasia
HpGP-ISL-004	hpgpEurasia
HpGP-ISL-005	hpgpEurasia
HpGP-ISL-006	hpgpEurasia
HpGP-ISL-007	hpgpEurasia
HpGP-ISL-008	hpgpEurasia
HpGP-ISL-009	hpgpEurasia
HpGP-ISL-010	hpgpEurasia
HpGP-ISL-011	hpgpEurasia
HpGP-ISR-001	hpgpEurope
HpGP-ISR-002	hpgpEurope
HpGP-ISR-003	hpgpMediterranea
HpGP-ISR-004	hpgpEurope
HpGP-ISR-005	hpgpMediterranea
HpGP-ISR-006	hpgpEurope
HpGP-ISR-007	hpgpEurope
HpGP-ISR-008	hpgpMediterranea
HpGP-ISR-009	hpgpMediterranea
HpGP-ISR-010	hpgpEurope
HpGP-ITA-001	hpgpEurope
HpGP-ITA-002	hpgpEurope
HpGP-ITA-003	hpgpMediterranea
HpGP-ITA-004	hpgpEurope
HpGP-ITA-005	hpgpMediterranea
HpGP-ITA-006	hpgpEurope
HpGP-ITA-007	hpgpEurope
HpGP-ITA-008	hpgpEurope
HpGP-ITA-009	hpgpEurope
HpGP-ITA-010	hpgpEurope
HpGP-ITA-011	hpgpMediterranea
HpGP-ITA-012	hpgpEurope
HpGP-ITA-013	hpgpEurope
HpGP-ITA-014	hpgpEurope
HpGP-ITA-015	hpgpEurope
HpGP-ITA-016	hpgpEurope
HpGP-ITA-017	hpgpEurope
HpGP-ITA-018	hpgpEurope
HpGP-ITA-019	hpgpEurope
HpGP-ITA-020	hpgpEurope
HpGP-ITA-022	hpgpEurope
HpGP-ITA-023	hpgpEurope
HpGP-ITA-024	hpgpEurope
HpGP-ITA-025	hpgpEurope
HpGP-ITA-026	hpgpEurope
HpGP-ITA-027	hpgpEurope
HpGP-ITA-028	hpgpEurope
HpGP-ITA-029	hpgpEurope
HpGP-ITA-030	hpgpEurope
HpGP-JAP-002	hpgpAsia
HpGP-JAP-009	hpgpAsia
HpGP-JAP-010	hpgpAsia
HpGP-JAP-012	hpgpAsia
HpGP-JAP-013	hpgpAsia
HpGP-JAP-015	hpgpAsia
HpGP-JAP-016	hpgpAsia
HpGP-JAP-017	hpgpAsia
HpGP-JAP-019	hpgpAsia
HpGP-JAP-021	hpgpAsia
HpGP-JAP-022	hpgpAsia
HpGP-JAP-026	hpgpAsia
HpGP-JAP-028	hpgpAsia
HpGP-JAP-029	hpgpAsia
HpGP-JAP-101	hpgpAsia
HpGP-JAP-102	hpgpEurasia
HpGP-JAP-103	hpgpAsia
HpGP-JAP-104	hpgpEurasia
HpGP-JAP-105	hpgpAsia
HpGP-JAP-106	hpgpAsia
HpGP-JAP-107	hpgpAsia
HpGP-JAP-108	hpgpAsia
HpGP-JAP-109	hpgpAsia
HpGP-JAP-110	hpgpEuroamerica
HpGP-JAP-111	hpgpAsia
HpGP-JAP-112	hpgpAsia
HpGP-JAP-113	hpgpAsia
HpGP-JAP-114	hpgpAsia
HpGP-JAP-115	hpgpAsia
HpGP-JOR-001	hpgpEurope
HpGP-JOR-002	hpgpEurope
HpGP-JOR-003	hpgpEurope
HpGP-JOR-004	hpgpEurope
HpGP-JOR-005	hpgpMediterranea
HpGP-JOR-006	hpgpEurope
HpGP-JOR-007	hpgpMediterranea
HpGP-JOR-008	hpgpMediterranea
HpGP-JOR-009	hpgpMediterranea
HpGP-JOR-010	hpgpEurope
HpGP-KAZ-001	hpgpEurope
HpGP-KAZ-002	hpgpEurasia
HpGP-KGZ-001	hpgpEurope
HpGP-KGZ-002	hpgpEurope
HpGP-KGZ-003	hpgpEurope
HpGP-KGZ-004	hpgpEurasia
HpGP-KGZ-005	hpgpEurasia
HpGP-KGZ-006	hpgpEurasia
HpGP-KGZ-007	hpgpEurasia
HpGP-KGZ-008	hpgpEurope
HpGP-KGZ-009	hpgpEurope
HpGP-KGZ-010	hpgpEurasia
HpGP-KOR-001	hpgpAsia
HpGP-KOR-002	hpgpAsia
HpGP-KOR-004	hpgpAsia
HpGP-KOR-005	hpgpAsia
HpGP-KOR-006	hpgpAsia
HpGP-KOR-007	hpgpAsia
HpGP-KOR-008	hpgpAsia
HpGP-KOR-009	hpgpAsia
HpGP-KOR-010	hpgpAsia
HpGP-KOR-012	hpgpAsia
HpGP-KOR-013	hpgpAsia
HpGP-KOR-014	hpgpAsia
HpGP-KOR-016	hpgpAsia
HpGP-KOR-019	hpgpAsia
HpGP-KOR-020	hpgpAsia
HpGP-KOR-021	hpgpAsia
HpGP-KOR-022	hpgpAsia
HpGP-KOR-023	hpgpAsia
HpGP-KOR-024	hpgpAsia
HpGP-KOR-025	hpgpAsia
HpGP-KOR-027	hpgpAsia
HpGP-KOR-028	hpgpAsia
HpGP-KOR-029	hpgpAsia
HpGP-KOR-032	hpgpEurasia
HpGP-KOR-033	hpgpAsia
HpGP-KOR-034	hpgpAsia
HpGP-KOR-035	hpgpAsia
HpGP-KOR-036	hpgpAsia
HpGP-KOR-037	hpgpAsia
HpGP-KOR-041	hpgpAsia
HpGP-KOR-042	hpgpAsia
HpGP-KOR-043	hpgpAsia
HpGP-KOR-044	hpgpAsia
HpGP-KOR-045	hpgpAsia
HpGP-KOR-046	hpgpAsia
HpGP-KOR-047	hpgpAsia
HpGP-KOR-048	hpgpAsia
HpGP-KOR-049	hpgpAsia
HpGP-KOR-050	hpgpAsia
HpGP-KOR-051	hpgpAsia
HpGP-KOR-052	hpgpAsia
HpGP-KOR-053	hpgpAsia
HpGP-KOR-101	hpgpAsia
HpGP-KOR-105	hpgpAsia
HpGP-KOR-109	hpgpAsia
HpGP-KOR-110	hpgpAsia
HpGP-KOR-111	hpgpAsia
HpGP-KOR-112	hpgpAsia
HpGP-KOR-114	hpgpAsia
HpGP-KOR-115	hpgpAsia
HpGP-KOR-116	hpgpAsia
HpGP-KOR-117	hpgpAsia
HpGP-KOR-118	hpgpAsia
HpGP-KOR-119	hpgpAsia
HpGP-LAT-001	hpgpEurope
HpGP-LAT-002	hpgpEurope
HpGP-LAT-003	hpgpEurope
HpGP-LAT-004	hpgpEurope
HpGP-LAT-005	hpgpEurope
HpGP-LAT-006	hpgpEurope
HpGP-LAT-007	hpgpEurope
HpGP-LAT-008	hpgpEurope
HpGP-LAT-009	hpgpEurope
HpGP-LAT-010	hpgpEurope
HpGP-LAT-011	hpgpEurope
HpGP-LAT-012	hpgpEurope
HpGP-LAT-014	hpgpEurope
HpGP-LAT-015	hpgpEurope
HpGP-LAT-017	hpgpEurope
HpGP-LAT-018	hpgpEurope
HpGP-LAT-019	hpgpEurope
HpGP-LAT-020	hpgpEurope
HpGP-LAT-021	hpgpEurope
HpGP-LAT-022	hpgpEurope
HpGP-LAT-023	hpgpEurope
HpGP-LAT-024	hpgpEurope
HpGP-LAT-025	hpgpEurope
HpGP-LAT-026	hpgpEurope
HpGP-LAT-027	hpgpEurope
HpGP-LAT-028	hpgpEurope
HpGP-LAT-029	hpgpEurope
HpGP-LAT-030	hpgpEurope
HpGP-LAT-031	hpgpEurope
HpGP-LAT-032	hpgpEurope
HpGP-LAT-033	hpgpEurope
HpGP-LAT-034	hpgpEurope
HpGP-LAT-035	hpgpEurope
HpGP-LAT-036	hpgpEurope
HpGP-LIT-001	hpgpEurope
HpGP-LIT-002	hpgpEurope
HpGP-LIT-003	hpgpEurope
HpGP-LIT-004	hpgpEurope
HpGP-LIT-006	hpgpEurope
HpGP-LIT-007	hpgpEurope
HpGP-LIT-008	hpgpEurope
HpGP-LIT-010	hpgpEurope
HpGP-LIT-012	hpgpEurope
HpGP-LIT-013	hpgpEurope
HpGP-LIT-020	hpgpEurope
HpGP-LIT-021	hpgpEurope
HpGP-LIT-023	hpgpEurope
HpGP-LIT-024	hpgpEurope
HpGP-LIT-025	hpgpEurope
HpGP-LIT-026	hpgpEurope
HpGP-LIT-028	hpgpEurope
HpGP-LIT-029	hpgpEurope
HpGP-LIT-030	hpgpEurope
HpGP-LIT-031	hpgpEurope
HpGP-LIT-032	hpgpEurope
HpGP-LIT-035	hpgpEurope
HpGP-LIT-041	hpgpEurope
HpGP-MAL-002	hpgpEurasia
HpGP-MAL-003	hpgpAsia
HpGP-MAL-004	hpgpEurasia
HpGP-MAL-005	hpgpAsia
HpGP-MAL-006	hpgpAsia
HpGP-MAL-007	hpgpMediterranea
HpGP-MAL-008	hpgpAsia
HpGP-MAL-010	hpgpAsia
HpGP-MAL-012	hpgpAsia
HpGP-MAL-015	hpgpAsia
HpGP-MAL-016	hpgpEurasia
HpGP-MAL-017	hpgpEurasia
HpGP-MAL-018	hpgpAsia
HpGP-MAL-019	hpgpEurasia
HpGP-MAL-020	hpgpAsia
HpGP-MAL-021	hpgpAsia
HpGP-MAL-022	hpgpAsia
HpGP-MAL-023	hpgpAsia
HpGP-MAL-025	hpgpEurasia
HpGP-MEX-001	hpgpEuroamerica
HpGP-MEX-002	hpgpEuroamerica
HpGP-MEX-003	hpgpEuroamerica
HpGP-MEX-004	hpgpEuroamerica
HpGP-MEX-006	hpgpEuroamerica
HpGP-MEX-007	hpgpMediterranea
HpGP-MEX-008	hpgpMediterranea
HpGP-MEX-009	hpgpMediterranea
HpGP-MEX-010	hpgpEuroamerica
HpGP-MEX-012	hpgpMediterranea
HpGP-MEX-023	hpgpEuroamerica
HpGP-MEX-024	hpgpEuroamerica
HpGP-MEX-027	hpgpEuroamerica
HpGP-MEX-028	hpgpAsia
HpGP-MEX-032	hpgpEuroamerica
HpGP-MEX-035	hpgpEuroamerica
HpGP-MEX-040	hpgpEuroamerica
HpGP-MEX-041	hpgpEuroamerica
HpGP-MEX-043	hpgpEuroamerica
HpGP-MEX-044	hpgpEuroamerica
HpGP-MEX-045	hpgpEuroamerica
HpGP-MEX-046	hpgpEuroamerica
HpGP-MMR-001	hpgpEurasia
HpGP-MMR-002	hpgpEurasia
HpGP-MMR-003	hpgpEurasia
HpGP-MMR-004	hpgpEurasia
HpGP-MMR-005	hpgpEurasia
HpGP-MMR-006	hpgpEurasia
HpGP-MMR-007	hpgpEurasia
HpGP-MMR-008	hpgpEurasia
HpGP-MMR-009	hpgpEurasia
HpGP-MMR-010	hpgpEurasia
HpGP-MMR-011	hpgpEurasia
HpGP-MMR-012	hpgpEurasia
HpGP-NGA-006	hpgpEuroamerica
HpGP-NGA-010	hpgpEuroamerica
HpGP-NGA-017	hpgpAfrica
HpGP-NGA-019	hpgpAfrica
HpGP-NPL-001	hpgpEurope
HpGP-NPL-002	hpgpEurope
HpGP-NPL-003	hpgpEurasia
HpGP-NPL-004	hpgpEurasia
HpGP-NPL-005	hpgpEurope
HpGP-NPL-006	hpgpEurope
HpGP-NPL-007	hpgpEurasia
HpGP-NPL-008	hpgpEurasia
HpGP-NPL-009	hpgpEurasia
HpGP-NPL-010	hpgpEurope
HpGP-NPL-011	hpgpEurope
HpGP-NPL-012	hpgpEurope
HpGP-NPL-013	hpgpEurasia
HpGP-PER-011	hpgpAsia
HpGP-PER-013	hpgpAfrica
HpGP-PER-014	hpgpEuroamerica
HpGP-PER-016	hpgpEuroamerica
HpGP-PER-017	hpgpEuroamerica
HpGP-PER-018	hpgpEuroamerica
HpGP-PER-019	hpgpAsia
HpGP-PER-020	hpgpAfroamerica
HpGP-PER-021	hpgpEuroamerica
HpGP-PER-101	hpgpEuroamerica
HpGP-PER-102	hpgpEuroamerica
HpGP-PER-103	hpgpMediterranea
HpGP-PER-104	hpgpEuroamerica
HpGP-PER-105	hpgpEuroamerica
HpGP-PER-106	hpgpEuroamerica
HpGP-PER-107	hpgpEuroamerica
HpGP-PER-108	hpgpEuroamerica
HpGP-PER-109	hpgpEuroamerica
HpGP-PER-110	hpgpEuroamerica
HpGP-PER-111	hpgpAsia
HpGP-PER-112	hpgpAfroamerica
HpGP-PER-113	hpgpEuroamerica
HpGP-PER-114	hpgpEuroamerica
HpGP-PER-115	hpgpEuroamerica
HpGP-PER-116	hpgpAfroamerica
HpGP-PER-117	hpgpEuroamerica
HpGP-PER-119	hpgpEuroamerica
HpGP-PER-121	hpgpAsia
HpGP-PER-124	hpgpEuroamerica
HpGP-PER-130	hpgpEuroamerica
HpGP-PER-136	hpgpEuroamerica
HpGP-PER-138	hpgpAsia
HpGP-PER-140	hpgpAfroamerica
HpGP-POL-001	hpgpEurope
HpGP-POL-002	hpgpEurope
HpGP-POL-003	hpgpEurope
HpGP-POL-004	hpgpEurope
HpGP-POL-005	hpgpEurope
HpGP-POL-006	hpgpEurope
HpGP-POL-007	hpgpEurope
HpGP-POL-008	hpgpEurope
HpGP-POL-009	hpgpEurope
HpGP-POL-010	hpgpEurope
HpGP-POL-101	hpgpEurope
HpGP-POL-102	hpgpEurope
HpGP-POL-103	hpgpEurope
HpGP-POL-104	hpgpEurope
HpGP-POL-105	hpgpEurope
HpGP-POL-106	hpgpEurope
HpGP-POL-107	hpgpEurope
HpGP-POL-108	hpgpEurope
HpGP-POL-109	hpgpEurope
HpGP-POL-110	hpgpEurope
HpGP-POR-001	hpgpMediterranea
HpGP-POR-002	hpgpMediterranea
HpGP-POR-003	hpgpMediterranea
HpGP-POR-004	hpgpAfrica
HpGP-POR-005	hpgpMediterranea
HpGP-POR-006	hpgpAfrica
HpGP-POR-007	hpgpMediterranea
HpGP-POR-008	hpgpMediterranea
HpGP-POR-009	hpgpMediterranea
HpGP-POR-010	hpgpMediterranea
HpGP-POR-011	hpgpMediterranea
HpGP-POR-012	hpgpMediterranea
HpGP-POR-013	hpgpMediterranea
HpGP-POR-015	hpgpMediterranea
HpGP-POR-018	hpgpMediterranea
HpGP-POR-101	hpgpMediterranea
HpGP-POR-102	hpgpMediterranea
HpGP-POR-103	hpgpMediterranea
HpGP-POR-104	hpgpMediterranea
HpGP-POR-105	hpgpMediterranea
HpGP-POR-106	hpgpMediterranea
HpGP-POR-107	hpgpMediterranea
HpGP-POR-108	hpgpMediterranea
HpGP-POR-109	hpgpMediterranea
HpGP-POR-110	hpgpEuroamerica
HpGP-POR-111	hpgpMediterranea
HpGP-POR-112	hpgpMediterranea
HpGP-POR-113	hpgpEuroamerica
HpGP-POR-114	hpgpEuroamerica
HpGP-POR-115	hpgpEuroamerica
HpGP-PRI-001	hpgpMediterranea
HpGP-PRI-002	hpgpMediterranea
HpGP-PRI-004	hpgpMediterranea
HpGP-PRI-005	hpgpAfrica
HpGP-PRI-006	hpgpMediterranea
HpGP-PRI-007	hpgpMediterranea
HpGP-PRI-008	hpgpEuroamerica
HpGP-RUS-001	hpgpEurope
HpGP-RUS-002	hpgpEurope
HpGP-RUS-003	hpgpEurope
HpGP-RUS-004	hpgpEurope
HpGP-RUS-006	hpgpEurope
HpGP-RUS-007	hpgpEurope
HpGP-RUS-008	hpgpEurope
HpGP-RUS-009	hpgpEurope
HpGP-RUS-010	hpgpEurope
HpGP-RUS-011	hpgpEurope
HpGP-SGP-002	hpgpAsia
HpGP-SGP-003	hpgpAsia
HpGP-SGP-004	hpgpAsia
HpGP-SGP-005	hpgpAsia
HpGP-SGP-006	hpgpAsia
HpGP-SGP-007	hpgpAsia
HpGP-SGP-008	hpgpAsia
HpGP-SGP-009	hpgpAsia
HpGP-SGP-012	hpgpAsia
HpGP-SGP-013	hpgpAsia
HpGP-SGP-014	hpgpAsia
HpGP-SGP-015	hpgpAsia
HpGP-SGP-017	hpgpAsia
HpGP-SGP-018	hpgpAsia
HpGP-SGP-019	hpgpAsia
HpGP-SGP-024	hpgpAsia
HpGP-SGP-026	hpgpAsia
HpGP-SGP-032	hpgpAsia
HpGP-SGP-033	hpgpAsia
HpGP-SGP-036	hpgpAsia
HpGP-SGP-038	hpgpAsia
HpGP-SPA-001	hpgpMediterranea
HpGP-SPA-002	hpgpMediterranea
HpGP-SPA-003	hpgpMediterranea
HpGP-SPA-004	hpgpMediterranea
HpGP-SPA-005	hpgpMediterranea
HpGP-SPA-006	hpgpMediterranea
HpGP-SPA-007	hpgpMediterranea
HpGP-SPA-008	hpgpMediterranea
HpGP-SPA-009	hpgpMediterranea
HpGP-SPA-010	hpgpMediterranea
HpGP-SPA-011	hpgpMediterranea
HpGP-SPA-012	hpgpMediterranea
HpGP-SPA-013	hpgpMediterranea
HpGP-SPA-014	hpgpMediterranea
HpGP-SPA-015	hpgpMediterranea
HpGP-SPA-016	hpgpMediterranea
HpGP-SPA-017	hpgpMediterranea
HpGP-SPA-018	hpgpMediterranea
HpGP-SPA-019	hpgpMediterranea
HpGP-SPA-020	hpgpEuroamerica
HpGP-SPA-101	hpgpEurope
HpGP-SPA-102	hpgpMediterranea
HpGP-SPA-103	hpgpMediterranea
HpGP-SPA-104	hpgpMediterranea
HpGP-SPA-105	hpgpMediterranea
HpGP-SPA-107	hpgpMediterranea
HpGP-SPA-108	hpgpMediterranea
HpGP-SPA-110	hpgpMediterranea
HpGP-SPA-111	hpgpMediterranea
HpGP-SPA-201	hpgpMediterranea
HpGP-SPA-202	hpgpAfrica
HpGP-SPA-203	hpgpMediterranea
HpGP-SPA-204	hpgpMediterranea
HpGP-SPA-205	hpgpMediterranea
HpGP-SPA-206	hpgpMediterranea
HpGP-SPA-207	hpgpEuroamerica
HpGP-SPA-209	hpgpMediterranea
HpGP-SPA-210	hpgpMediterranea
HpGP-SPA-301	hpgpMediterranea
HpGP-SPA-302	hpgpMediterranea
HpGP-SPA-303	hpgpMediterranea
HpGP-SPA-304	hpgpMediterranea
HpGP-SPA-305	hpgpMediterranea
HpGP-SPA-306	hpgpMediterranea
HpGP-SPA-307	hpgpMediterranea
HpGP-SPA-308	hpgpMediterranea
HpGP-SPA-309	hpgpEuroamerica
HpGP-SPA-310	hpgpMediterranea
HpGP-SPA-311	hpgpMediterranea
HpGP-SPA-312	hpgpMediterranea
HpGP-SPA-313	hpgpEuroamerica
HpGP-SPA-314	hpgpEuroamerica
HpGP-SPA-315	hpgpMediterranea
HpGP-SPA-316	hpgpMediterranea
HpGP-SPA-317	hpgpAfrica
HpGP-SPA-318	hpgpEuroamerica
HpGP-SPA-319	hpgpMediterranea
HpGP-SPA-320	hpgpMediterranea
HpGP-SPA-321	hpgpMediterranea
HpGP-SPA-322	hpgpMediterranea
HpGP-SPA-323	hpgpMediterranea
HpGP-SPA-324	hpgpMediterranea
HpGP-SPA-325	hpgpMediterranea
HpGP-SPA-401	hpgpMediterranea
HpGP-SPA-402	hpgpAfrica
HpGP-SPA-403	hpgpMediterranea
HpGP-SPA-404	hpgpEuroamerica
HpGP-SPA-405	hpgpEuroamerica
HpGP-SPA-406	hpgpMediterranea
HpGP-SPA-407	hpgpMediterranea
HpGP-SPA-409	hpgpAfroamerica
HpGP-SPA-413	hpgpMediterranea
HpGP-SPA-414	hpgpMediterranea
HpGP-SPA-501	hpgpMediterranea
HpGP-SPA-502	hpgpMediterranea
HpGP-SPA-503	hpgpMediterranea
HpGP-SPA-504	hpgpEurope
HpGP-SPA-505	hpgpMediterranea
HpGP-SPA-506	hpgpMediterranea
HpGP-SPA-507	hpgpMediterranea
HpGP-SPA-508	hpgpMediterranea
HpGP-SPA-509	hpgpEuroamerica
HpGP-SPA-510	hpgpMediterranea
HpGP-SPA-601	hpgpMediterranea
HpGP-SPA-604	hpgpMediterranea
HpGP-SPA-606	hpgpMediterranea
HpGP-SPA-607	hpgpMediterranea
HpGP-SPA-609	hpgpAfroamerica
HpGP-SPA-610	hpgpMediterranea
HpGP-SPA-611	hpgpEuroamerica
HpGP-SPA-701	hpgpMediterranea
HpGP-SPA-702	hpgpMediterranea
HpGP-SPA-703	hpgpMediterranea
HpGP-SPA-704	hpgpMediterranea
HpGP-SPA-705	hpgpMediterranea
HpGP-SPA-706	hpgpAsia
HpGP-SPA-707	hpgpMediterranea
HpGP-SPA-709	hpgpEurope
HpGP-SPA-710	hpgpEuroamerica
HpGP-SPA-801	hpgpMediterranea
HpGP-SPA-802	hpgpMediterranea
HpGP-SPA-803	hpgpMediterranea
HpGP-SPA-804	hpgpEuroamerica
HpGP-SPA-805	hpgpMediterranea
HpGP-SPA-806	hpgpEurope
HpGP-SPA-807	hpgpEuroamerica
HpGP-SWE-001	hpgpEurope
HpGP-SWE-002	hpgpEurope
HpGP-SWE-003	hpgpEurope
HpGP-SWE-004	hpgpEurope
HpGP-SWE-005	hpgpEurope
HpGP-SWE-006	hpgpEurope
HpGP-SWE-007	hpgpEurope
HpGP-SWE-008	hpgpEurope
HpGP-SWE-010	hpgpEurope
HpGP-SWE-012	hpgpEurope
HpGP-SWE-013	hpgpEurope
HpGP-SWE-014	hpgpEurope
HpGP-SWE-015	hpgpEurope
HpGP-SWE-016	hpgpEurope
HpGP-SWE-017	hpgpEurope
HpGP-SWE-018	hpgpEurasia
HpGP-SWE-019	hpgpEurope
HpGP-SWE-021	hpgpEurope
HpGP-SWE-022	hpgpEurope
HpGP-SWE-024	hpgpEurope
HpGP-SWE-025	hpgpEurope
HpGP-SWE-026	hpgpEurope
HpGP-SWE-027	hpgpEurope
HpGP-SWE-028	hpgpEurope
HpGP-SWE-030	hpgpEurope
HpGP-SWE-031	hpgpEurope
HpGP-SWE-032	hpgpEurope
HpGP-SWE-033	hpgpEurope
HpGP-SWE-034	hpgpEurope
HpGP-SWE-036	hpgpEurope
HpGP-SWT-001	hpgpMediterranea
HpGP-SWT-002	hpgpEurope
HpGP-SWT-003	hpgpMediterranea
HpGP-SWT-004	hpgpEurope
HpGP-SWT-005	hpgpEuroamerica
HpGP-SWT-006	hpgpEurope
HpGP-SWT-007	hpgpEurope
HpGP-SWT-008	hpgpEurope
HpGP-SWT-010	hpgpMediterranea
HpGP-SWT-011	hpgpEurope
HpGP-SWT-012	hpgpMediterranea
HpGP-SWT-013	hpgpEurope
HpGP-SWT-014	hpgpEurope
HpGP-SWT-015	hpgpMediterranea
HpGP-SWT-017	hpgpMediterranea
HpGP-TUR-001	hpgpEurope
HpGP-TUR-002	hpgpEurope
HpGP-TUR-003	hpgpEurope
HpGP-TUR-004	hpgpEurope
HpGP-TUR-005	hpgpEurope
HpGP-TUR-006	hpgpEurope
HpGP-TUR-007	hpgpEurope
HpGP-TUR-008	hpgpEurope
HpGP-TUR-009	hpgpEurope
HpGP-TUR-010	hpgpEurope
HpGP-TUR-011	hpgpEurope
HpGP-TUR-014	hpgpEurope
HpGP-TUR-016	hpgpEurope
HpGP-TUR-017	hpgpEurope
HpGP-TUR-021	hpgpEurope
HpGP-TUR-022	hpgpEurope
HpGP-TUR-023	hpgpEurope
HpGP-TWN-001	hpgpAsia
HpGP-TWN-002	hpgpAsia
HpGP-TWN-003	hpgpAsia
HpGP-TWN-004	hpgpAsia
HpGP-TWN-005	hpgpAsia
HpGP-TWN-006	hpgpAsia
HpGP-TWN-007	hpgpAsia
HpGP-TWN-008	hpgpAsia
HpGP-TWN-009	hpgpAsia
HpGP-TWN-010	hpgpAsia
HpGP-TWN-016	hpgpAsia
HpGP-TWN-017	hpgpAsia
HpGP-TWN-018	hpgpAsia
HpGP-TWN-019	hpgpAsia
HpGP-TWN-020	hpgpAsia
HpGP-TWN-021	hpgpAsia
HpGP-TWN-022	hpgpAsia
HpGP-TWN-023	hpgpAsia
HpGP-TWN-024	hpgpAsia
HpGP-TWN-026	hpgpAsia
HpGP-TWN-027	hpgpAsia
HpGP-TWN-028	hpgpAsia
HpGP-TWN-029	hpgpAsia
HpGP-TWN-030	hpgpAsia
HpGP-USA-001	hpgpMediterranea
HpGP-USA-002	hpgpEuroamerica
HpGP-USA-003	hpgpAfroamerica
HpGP-USA-004	hpgpEuroamerica
HpGP-USA-005	hpgpMediterranea
HpGP-USA-008	hpgpEuroamerica
HpGP-USA-009	hpgpEurope
HpGP-USA-011	hpgpAsia
HpGP-USA-101	hpgpEurope
HpGP-USA-102	hpgpAfrica
HpGP-USA-104	hpgpAfrica
HpGP-USA-105	hpgpAfroamerica
HpGP-USA-106	hpgpEurope
HpGP-USA-115	hpgpMediterranea
HpGP-USA-116	hpgpEurope
HpGP-USA-119	hpgpMediterranea
HpGP-USA-120	hpgpEurope
HpGP-USA-123	hpgpEurope
HpGP-USA-201	hpgpMediterranea
HpGP-USA-202	hpgpAfrica
HpGP-USA-203	hpgpEuroamerica
HpGP-USA-204	hpgpEuroamerica
HpGP-USA-205	hpgpAsia
HpGP-USA-206	hpgpAfroamerica
HpGP-USA-207	hpgpMediterranea
HpGP-USA-208	hpgpMediterranea
HpGP-USA-301	hpgpAfrica
HpGP-USA-302	hpgpEuroamerica
HpGP-USA-303	hpgpAfrica
HpGP-USA-304	hpgpAfrica
HpGP-USA-305	hpgpAfrica
HpGP-USA-306	hpgpAfroamerica
HpGP-USA-311	hpgpAfroamerica
HpGP-USA-401	hpgpEurope
HpGP-USA-402	hpgpEurope
HpGP-USA-403	hpgpAfrica
HpGP-USA-404	hpgpEurope
HpGP-USA-405	hpgpEurope
HpGP-USA-406	hpgpAfrica
HpGP-USA-407	hpgpEurope
HpGP-USA-408	hpgpAfroamerica
HpGP-USA-409	hpgpAfroamerica
HpGP-USA-410	hpgpEurope
HpGP-USA-411	hpgpAfroamerica
HpGP-USA-412	hpgpAfroamerica
HpGP-USA-413	hpgpAfroamerica
HpGP-USA-414	hpgpMediterranea
HpGP-USA-415	hpgpAfrica
HpGP-USA-416	hpgpAfrica
HpGP-USA-417	hpgpAfrica
HpGP-USA-418	hpgpAfrica
HpGP-USA-419	hpgpAfrica
HpGP-USA-420	hpgpAfrica
HpGP-USA-421	hpgpAfrica
HpGP-USA-422	hpgpEurasia
HpGP-USA-423	hpgpMediterranea
HpGP-USA-424	hpgpAfrica
HpGP-USA-425	hpgpAsia
HpGP-USA-427	hpgpAfrica
HpGP-USA-428	hpgpAfrica
HpGP-USA-429	hpgpAfrica
HpGP-USA-431	hpgpEurope
HpGP-USA-432	hpgpAfrica
HpGP-USA-433	hpgpAfrica
HpGP-USA-434	hpgpAfrica
HpGP-USA-435	hpgpAfrica
HpGP-USA-436	hpgpEurope
HpGP-USA-437	hpgpAfrica
HpGP-VNM-001	hpgpAsia
HpGP-VNM-002	hpgpAsia
HpGP-VNM-003	hpgpAsia
HpGP-VNM-004	hpgpAsia
HpGP-VNM-005	hpgpAsia
HpGP-VNM-006	hpgpAsia
HpGP-VNM-007	hpgpAsia
HpGP-VNM-008	hpgpAsia
HpGP-VNM-009	hpgpAsia
HpGP-ZAF-001	hpgpAfrica-distant
HpGP-ZAF-002	hpgpAfrica
HpGP-ZAF-004	hpgpAfrica
HpGP-ZAF-006	hpgpAfrica-distant
HpGP-ZAF-007	hpgpAfrica-distant
HpGP-ZAF-008	hpgpEuroamerica
HpGP-ZAF-009	hpgpAfrica-distant
HpGP-ZAF-010	hpgpAfrica
HpGP-ZAF-011	hpgpAfrica
