Taxon,Cluster_name
HpGP-TUR-011,hewola
HpGP-TUR-007,hewola
HpGP-TUR-021,hewola
HpGP-CHI-210,geko
HpGP-CHI-103,geko
HpGP-CHI-107,geko
HpGP-CAN-025,ilop
HpGP-CAN-026,ilop
HpGP-CAN-022,ilop
HpGP-USA-401,tafuju
HpGP-USA-404,tafuju
HpGP-TUR-005,cijiji
HpGP-TUR-002,cijiji
HpGP-SWE-003,sizzefkan
HpGP-SWE-004,sizzefkan
HpGP-PRI-007,tatti
HpGP-PRI-001,tatti
HpGP-POL-108,neblofat
HpGP-POL-106,neblofat
HpGP-NPL-006,seha
HpGP-NPL-005,seha
HpGP-KOR-052,uwaw
HpGP-KOR-053,uwaw
HpGP-KOR-114,emau
HpGP-KOR-019,emau
HpGP-KOR-010,wepcus
HpGP-KOR-101,wepcus
HpGP-ITA-010,zetii
HpGP-ITA-020,zetii
HpGP-HON-007,rucmuj
HpGP-HON-018,rucmuj
HpGP-HON-001,ejo
HpGP-HON-002,ejo
HpGP-GRE-046,ofavrer
HpGP-GRE-041,ofavrer
HpGP-COL-202,vibha
HpGP-COL-201,vibha
HpGP-CHI-101,voscemib
HpGP-CHI-126,voscemib
HpGP-CAN-014,oee
HpGP-CAN-008,oee
HpGP-CAN-006,ocap
HpGP-CAN-011,ocap
HpGP-CAN-004,tuweti
HpGP-CAN-002,tuweti
HpGP-ZAF-011,nukdag
HpGP-ZAF-010,mouran
HpGP-ZAF-009,cucoo
HpGP-ZAF-008,vehob
HpGP-ZAF-007,vuepoc
HpGP-ZAF-006,oluhi
HpGP-ZAF-004,culzea
HpGP-ZAF-002,au
HpGP-ZAF-001,ahib
HpGP-VNM-009,kevihi
HpGP-VNM-008,femo
HpGP-VNM-007,webu
HpGP-VNM-006,nihtu
HpGP-VNM-005,suipoj
HpGP-VNM-004,jinikdoc
HpGP-VNM-003,aae
HpGP-VNM-002,deu
HpGP-VNM-001,bau
HpGP-USA-437,zidi
HpGP-USA-436,wiu
HpGP-USA-435,pisie
HpGP-USA-434,irir
HpGP-USA-433,sufdigi
HpGP-USA-432,pawrimo
HpGP-USA-431,ivu
HpGP-USA-429,ivuv
HpGP-USA-428,iavu
HpGP-USA-427,wimejfun
HpGP-USA-425,puzih
HpGP-USA-424,avaf
HpGP-USA-423,wezo
HpGP-USA-422,ivio
HpGP-USA-421,goza
HpGP-USA-420,pozwef
HpGP-USA-419,upuhi
HpGP-USA-418,eihi
HpGP-USA-417,iwekkev
HpGP-USA-416,adim
HpGP-USA-415,pafoc
HpGP-USA-414,pefihen
HpGP-USA-413,orin
HpGP-USA-412,fargitum
HpGP-USA-411,aocit
HpGP-USA-410,olenmu
HpGP-USA-409,pou
HpGP-USA-408,oluwcoz
HpGP-USA-407,ue
HpGP-USA-406,vierek
HpGP-USA-405,micoz
HpGP-USA-403,ticic
HpGP-USA-402,bokow
HpGP-USA-311,pouci
HpGP-USA-208,migo
HpGP-USA-207,uwabka
HpGP-USA-206,vevco
HpGP-USA-205,rajzowig
HpGP-USA-204,bulu
HpGP-USA-203,aadaz
HpGP-USA-202,enah
HpGP-USA-201,hiu
HpGP-USA-123,dezohe
HpGP-USA-120,doewe
HpGP-USA-119,kiduo
HpGP-USA-116,woli
HpGP-USA-115,igini
HpGP-USA-106,nivnusa
HpGP-USA-105,ofum
HpGP-USA-104,susonwe
HpGP-USA-102,ifazi
HpGP-USA-101,jiie
HpGP-USA-011,fai
HpGP-USA-009,dualir
HpGP-USA-008,fojlozud
HpGP-USA-005,kuges
HpGP-USA-004,gafov
HpGP-USA-003,fejtaf
HpGP-USA-002,dohco
HpGP-USA-001,vizac
HpGP-TWN-030,ilece
HpGP-TWN-029,katowah
HpGP-TWN-028,icoco
HpGP-TWN-027,hutai
HpGP-TWN-026,jou
HpGP-TWN-024,subwoi
HpGP-TWN-023,pukeo
HpGP-TWN-022,egodkom
HpGP-TWN-021,jesva
HpGP-TWN-020,emoa
HpGP-TWN-019,wibfudfiz
HpGP-TWN-018,tasbecu
HpGP-TWN-017,zagmultal
HpGP-TWN-016,esih
HpGP-TWN-010,docou
HpGP-TWN-009,hadme
HpGP-TWN-008,nupcawev
HpGP-TWN-007,zujcivej
HpGP-TWN-006,kii
HpGP-TWN-005,erez
HpGP-TWN-004,oeu
HpGP-TWN-003,mipo
HpGP-TWN-002,kamu
HpGP-TWN-001,fifez
HpGP-TUR-023,vida
HpGP-TUR-022,lipiu
HpGP-TUR-017,jappu
HpGP-TUR-016,wicuzag
HpGP-TUR-014,bevowi
HpGP-TUR-010,nafru
HpGP-TUR-009,dibhedaf
HpGP-TUR-008,idik
HpGP-TUR-006,sode
HpGP-TUR-004,warul
HpGP-TUR-003,ciiji
HpGP-TUR-001,ocoj
HpGP-SWT-017,zupsepgo
HpGP-SWT-013,iwuc
HpGP-SWT-008,sakvosit
HpGP-SWT-004,tojnogo
HpGP-SWT-003,gugwu
HpGP-SWT-002,bibcacuf
HpGP-SWE-036,serohow
HpGP-SWE-034,nahef
HpGP-SWE-033,siisuz
HpGP-SWE-032,putari
HpGP-SWE-031,emea
HpGP-SWE-030,ucipuz
HpGP-SWE-028,hatu
HpGP-SWE-027,vifucdus
HpGP-SWE-025,iceso
HpGP-SWE-021,zajzew
HpGP-SWE-019,kiihe
HpGP-SWE-017,kotnov
HpGP-SWE-015,otug
HpGP-SWE-013,solres
HpGP-SWE-012,lodi
HpGP-SWE-010,zaztuwjo
HpGP-SWE-007,jacba
HpGP-SWE-006,efime
HpGP-SWE-005,peui
HpGP-SWE-002,celisri
HpGP-SPA-807,nehsobcas
HpGP-SPA-806,iu
HpGP-SPA-805,emeluj
HpGP-SPA-804,eleo
HpGP-SPA-803,otos
HpGP-SPA-802,zara
HpGP-SPA-801,jaefel
HpGP-SPA-710,nupa
HpGP-SPA-709,efahze
HpGP-SPA-707,dedbafu
HpGP-SPA-706,uohem
HpGP-SPA-705,pehaw
HpGP-SPA-704,kopzaa
HpGP-SPA-703,hutjer
HpGP-SPA-702,onofvi
HpGP-SPA-701,uume
HpGP-SPA-611,ridhogu
HpGP-SPA-610,munsohuk
HpGP-SPA-609,rababid
HpGP-SPA-607,bujcus
HpGP-SPA-606,suwei
HpGP-SPA-604,basnocgu
HpGP-SPA-601,mavalo
HpGP-SPA-510,irinok
HpGP-SPA-509,ipajuf
HpGP-SPA-508,bufubloh
HpGP-SPA-507,izeu
HpGP-SPA-506,niteme
HpGP-SPA-505,voisu
HpGP-SPA-504,piwno
HpGP-SPA-503,rudsulid
HpGP-SPA-502,arek
HpGP-SPA-501,tumes
HpGP-SPA-414,siriv
HpGP-SPA-413,zewcid
HpGP-SPA-409,oa
HpGP-SPA-407,ofiso
HpGP-SPA-406,utir
HpGP-SPA-405,ronbetzar
HpGP-SPA-404,koimaj
HpGP-SPA-403,bioboh
HpGP-SPA-402,mapiro
HpGP-SPA-401,hai
HpGP-SPA-319,okek
HpGP-SPA-317,uae
HpGP-SPA-316,cumsoktam
HpGP-SPA-315,macfi
HpGP-SPA-314,noio
HpGP-SPA-313,fozuwuj
HpGP-SPA-312,mebfod
HpGP-SPA-310,rufwo
HpGP-SPA-309,gazriha
HpGP-SPA-308,nesi
HpGP-SPA-307,gezutep
HpGP-SPA-306,adid
HpGP-SPA-304,osodgem
HpGP-SPA-303,ufus
HpGP-SPA-302,viheo
HpGP-SPA-301,gagno
HpGP-SPA-210,lizased
HpGP-SPA-209,aciz
HpGP-SPA-207,bula
HpGP-SPA-206,libod
HpGP-SPA-205,lilcada
HpGP-SPA-204,tihimif
HpGP-SPA-203,liedin
HpGP-SPA-202,fezajhin
HpGP-SPA-201,paa
HpGP-SPA-111,nuzhackaj
HpGP-SPA-110,juktii
HpGP-SPA-108,ewor
HpGP-SPA-107,hetzir
HpGP-SPA-105,sugsim
HpGP-SPA-104,cekdaz
HpGP-SPA-103,oserni
HpGP-SPA-102,zehtihom
HpGP-SPA-101,osevrev
HpGP-SPA-020,nuwe
HpGP-SPA-019,oi
HpGP-SPA-018,fovi
HpGP-SPA-017,edofpa
HpGP-SPA-016,cowso
HpGP-SPA-015,hurmu
HpGP-SPA-014,tihao
HpGP-SPA-013,zesga
HpGP-SPA-012,usidrif
HpGP-SPA-011,azeni
HpGP-SPA-010,mapan
HpGP-SPA-009,eso
HpGP-SPA-008,ezapu
HpGP-SPA-007,riui
HpGP-SPA-006,oeseb
HpGP-SPA-005,kajpo
HpGP-SPA-004,oigec
HpGP-SPA-003,jazajus
HpGP-SPA-002,ioa
HpGP-SPA-001,zito
HpGP-SGP-038,refnue
HpGP-SGP-036,opu
HpGP-SGP-033,hiio
HpGP-SGP-032,orib
HpGP-SGP-026,oasok
HpGP-SGP-024,povu
HpGP-SGP-019,holnongij
HpGP-SGP-018,kawo
HpGP-SGP-017,vuihaf
HpGP-SGP-015,vidut
HpGP-SGP-014,durfipec
HpGP-SGP-013,iofe
HpGP-SGP-012,atae
HpGP-SGP-009,jubvinpak
HpGP-SGP-008,fegveu
HpGP-SGP-007,cuia
HpGP-SGP-006,zika
HpGP-SGP-005,pohipi
HpGP-SGP-004,segorlo
HpGP-SGP-003,kajihe
HpGP-SGP-002,hemuu
HpGP-RUS-011,vukorwoh
HpGP-RUS-010,kuskuv
HpGP-RUS-009,kivcog
HpGP-RUS-008,leoro
HpGP-RUS-007,makia
HpGP-RUS-006,weco
HpGP-RUS-004,ehat
HpGP-RUS-003,ije
HpGP-RUS-002,eajec
HpGP-RUS-001,piebuc
HpGP-PRI-008,wiluvha
HpGP-PRI-006,uiko
HpGP-PRI-005,uden
HpGP-PRI-004,egisjal
HpGP-PRI-002,uka
HpGP-POR-115,himfulfeh
HpGP-POR-114,uhoha
HpGP-POR-113,higor
HpGP-POR-112,daa
HpGP-POR-111,acitfa
HpGP-POR-110,lueu
HpGP-POR-109,cadik
HpGP-POR-108,uido
HpGP-POR-107,jobvos
HpGP-POR-106,winko
HpGP-POR-105,hovipep
HpGP-POR-104,ouo
HpGP-POR-103,zetinaf
HpGP-POR-102,ojo
HpGP-POR-101,cofu
HpGP-POR-018,meele
HpGP-POR-015,jilbuo
HpGP-POR-013,biro
HpGP-POR-012,zaburi
HpGP-POR-011,ozaswu
HpGP-POR-010,oenuh
HpGP-POR-009,cokbodvab
HpGP-POR-008,zekbe
HpGP-POR-007,ohup
HpGP-POR-006,gadafah
HpGP-POR-005,hihmapo
HpGP-POR-004,kenu
HpGP-POR-003,dio
HpGP-POR-002,wownigu
HpGP-POR-001,fiu
HpGP-POL-110,aee
HpGP-POL-109,keogek
HpGP-POL-107,zape
HpGP-POL-105,ifea
HpGP-POL-104,pecunbom
HpGP-POL-103,cirgu
HpGP-POL-102,hoine
HpGP-POL-101,mitjo
HpGP-POL-010,fispizmuj
HpGP-POL-009,fipopo
HpGP-POL-008,zuegu
HpGP-POL-007,diuraz
HpGP-POL-006,wuvawad
HpGP-POL-005,osun
HpGP-POL-004,bifehci
HpGP-POL-003,bonakju
HpGP-POL-002,hejmonic
HpGP-POL-001,gii
HpGP-PER-140,uiwa
HpGP-PER-138,uabe
HpGP-PER-136,lefrivzud
HpGP-PER-130,supi
HpGP-PER-124,wii
HpGP-PER-121,sehbimu
HpGP-PER-119,boguk
HpGP-PER-117,hogi
HpGP-PER-116,zitu
HpGP-PER-115,epibap
HpGP-PER-114,tadi
HpGP-PER-113,arodla
HpGP-PER-112,feten
HpGP-PER-111,jonee
HpGP-PER-110,kudiu
HpGP-PER-109,ucu
HpGP-PER-108,pago
HpGP-PER-107,holmiloh
HpGP-PER-106,nawes
HpGP-PER-105,avovi
HpGP-PER-104,wiccoza
HpGP-PER-103,daznav
HpGP-PER-102,efoze
HpGP-PER-101,uono
HpGP-PER-021,ua
HpGP-PER-020,mehi
HpGP-PER-019,jovoa
HpGP-PER-018,fazvow
HpGP-PER-017,niwue
HpGP-PER-016,uu
HpGP-PER-013,refrado
HpGP-PER-011,hamecil
HpGP-NPL-013,joda
HpGP-NPL-012,iai
HpGP-NPL-011,magwi
HpGP-NPL-010,oo
HpGP-NPL-009,uzoweb
HpGP-NPL-008,ubapis
HpGP-NPL-007,aonor
HpGP-NPL-004,zezo
HpGP-NPL-003,cifuma
HpGP-NPL-002,zivih
HpGP-NPL-001,enim
HpGP-NGA-019,kutvoe
HpGP-NGA-017,emate
HpGP-NGA-010,zado
HpGP-NGA-006,ekeh
HpGP-MMR-012,goru
HpGP-MMR-011,dogiwuf
HpGP-MMR-010,dijjowe
HpGP-MMR-009,ecevwo
HpGP-MMR-008,ijas
HpGP-MMR-007,fizareh
HpGP-MMR-006,soa
HpGP-MMR-005,fosi
HpGP-MMR-004,razaskod
HpGP-MMR-003,reere
HpGP-MMR-002,uco
HpGP-MMR-001,fonmoo
HpGP-MEX-046,izewa
HpGP-MEX-045,ehil
HpGP-MEX-044,caboi
HpGP-MEX-043,iozeb
HpGP-MEX-040,kazozoz
HpGP-MEX-035,lanu
HpGP-MEX-032,citva
HpGP-MEX-028,ugov
HpGP-MEX-027,dushim
HpGP-MEX-024,tingo
HpGP-MEX-023,nedi
HpGP-MEX-010,hopcib
HpGP-MEX-009,ulii
HpGP-MEX-008,ugi
HpGP-MEX-007,zuzoh
HpGP-MEX-006,rurcua
HpGP-MEX-004,opusu
HpGP-MEX-003,uzukte
HpGP-MEX-002,sape
HpGP-MEX-001,ieo
HpGP-MAL-023,kodacmov
HpGP-MAL-022,kimese
HpGP-MAL-021,loovo
HpGP-MAL-020,jofve
HpGP-MAL-019,rou
HpGP-MAL-017,ohaza
HpGP-MAL-016,eeu
HpGP-MAL-015,cizlihdit
HpGP-MAL-012,hiamuk
HpGP-MAL-010,vibdadu
HpGP-MAL-008,bumjia
HpGP-MAL-007,ewovi
HpGP-MAL-005,abuhet
HpGP-MAL-004,powa
HpGP-MAL-002,lio
HpGP-LIT-041,onal
HpGP-LIT-035,jabapa
HpGP-LIT-032,suta
HpGP-LIT-031,cagfab
HpGP-LIT-030,etenwap
HpGP-LIT-029,weguo
HpGP-LIT-028,okeruf
HpGP-LIT-026,foei
HpGP-LIT-025,luziba
HpGP-LIT-024,zivuf
HpGP-LIT-023,haa
HpGP-LIT-021,ukui
HpGP-LIT-020,towadco
HpGP-LIT-013,nauze
HpGP-LIT-012,iasag
HpGP-LIT-010,azuvos
HpGP-LIT-008,huzdok
HpGP-LIT-007,jahga
HpGP-LIT-006,fusese
HpGP-LIT-004,akihar
HpGP-LIT-003,hifbuli
HpGP-LIT-002,duviha
HpGP-LIT-001,gabako
HpGP-LAT-036,gonda
HpGP-LAT-035,jaei
HpGP-LAT-034,rejzem
HpGP-LAT-033,vidisic
HpGP-LAT-032,aejun
HpGP-LAT-031,apulda
HpGP-LAT-030,bufua
HpGP-LAT-029,cirdocnis
HpGP-LAT-028,pokcik
HpGP-LAT-027,liftoljo
HpGP-LAT-026,ecuvo
HpGP-LAT-025,dowa
HpGP-LAT-024,caizit
HpGP-LAT-023,mabhozim
HpGP-LAT-022,wuhpor
HpGP-LAT-021,mudro
HpGP-LAT-020,uuwub
HpGP-LAT-019,lurenle
HpGP-LAT-018,dubasgat
HpGP-LAT-017,dudfuk
HpGP-LAT-015,efipin
HpGP-LAT-014,kooe
HpGP-LAT-012,odad
HpGP-LAT-011,lesi
HpGP-LAT-010,ufu
HpGP-LAT-009,huve
HpGP-LAT-008,tousop
HpGP-LAT-007,mivoro
HpGP-LAT-006,omap
HpGP-LAT-005,guzto
HpGP-LAT-004,gatujju
HpGP-LAT-003,umujib
HpGP-LAT-002,soi
HpGP-LAT-001,teurez
HpGP-KOR-119,guewe
HpGP-KOR-118,bozi
HpGP-KOR-117,uatev
HpGP-KOR-116,hinehbo
HpGP-KOR-115,uii
HpGP-KOR-112,halgihwa
HpGP-KOR-111,juzput
HpGP-KOR-110,ugele
HpGP-KOR-109,uzu
HpGP-KOR-105,vaji
HpGP-KOR-051,vefhil
HpGP-KOR-050,osuu
HpGP-KOR-049,eio
HpGP-KOR-048,holzaw
HpGP-KOR-047,ekovo
HpGP-KOR-046,fudpub
HpGP-KOR-045,eusap
HpGP-KOR-044,zupep
HpGP-KOR-043,sifbia
HpGP-KOR-042,niagi
HpGP-KOR-041,uuso
HpGP-KOR-037,fubonu
HpGP-KOR-036,afua
HpGP-KOR-035,roewip
HpGP-KOR-034,gai
HpGP-KOR-033,oesi
HpGP-KOR-032,hurtid
HpGP-KOR-029,ewa
HpGP-KOR-028,zopowu
HpGP-KOR-027,sosogig
HpGP-KOR-025,eti
HpGP-KOR-024,cafo
HpGP-KOR-023,lelo
HpGP-KOR-022,ukal
HpGP-KOR-021,zoau
HpGP-KOR-020,oai
HpGP-KOR-016,jiaa
HpGP-KOR-014,guwe
HpGP-KOR-013,keraro
HpGP-KOR-012,wafco
HpGP-KOR-009,dimudot
HpGP-KOR-008,vawlaw
HpGP-KOR-007,aue
HpGP-KOR-006,wajopkej
HpGP-KOR-005,imaz
HpGP-KOR-004,tado
HpGP-KOR-002,zedne
HpGP-KOR-001,efuznew
HpGP-KGZ-010,tubothip
HpGP-KGZ-009,fatne
HpGP-KGZ-008,vusvefu
HpGP-KGZ-007,fisnurce
HpGP-KGZ-006,jasi
HpGP-KGZ-005,esai
HpGP-KGZ-004,eipe
HpGP-KGZ-003,jii
HpGP-KGZ-002,ripvu
HpGP-KGZ-001,koju
HpGP-KAZ-002,bami
HpGP-KAZ-001,tajrul
HpGP-JOR-010,evufo
HpGP-JOR-009,civum
HpGP-JOR-008,vukuu
HpGP-JOR-007,zutlip
HpGP-JOR-006,hilu
HpGP-JOR-005,doio
HpGP-JOR-004,nesfero
HpGP-JOR-003,didfu
HpGP-JOR-002,ficrili
HpGP-JOR-001,vujobak
HpGP-JAP-115,wokjo
HpGP-JAP-114,ijepu
HpGP-JAP-110,ico
HpGP-JAP-109,habpap
HpGP-JAP-108,renwaz
HpGP-JAP-107,jeuju
HpGP-JAP-106,puhdo
HpGP-JAP-104,ou
HpGP-JAP-103,dai
HpGP-JAP-101,mopzu
HpGP-JAP-029,lofu
HpGP-JAP-028,ocoghi
HpGP-JAP-026,reo
HpGP-JAP-022,jeuluv
HpGP-JAP-021,ehufjo
HpGP-JAP-019,lahala
HpGP-JAP-017,cile
HpGP-JAP-016,ziife
HpGP-JAP-015,apaw
HpGP-JAP-012,oete
HpGP-JAP-010,neka
HpGP-JAP-009,kubcul
HpGP-JAP-002,pozlitag
HpGP-ITA-030,gawoz
HpGP-ITA-029,riwada
HpGP-ITA-028,zipebof
HpGP-ITA-027,amimez
HpGP-ITA-026,zekun
HpGP-ITA-025,rau
HpGP-ITA-024,zakwuci
HpGP-ITA-023,boi
HpGP-ITA-022,zamha
HpGP-ITA-019,joa
HpGP-ITA-018,uga
HpGP-ITA-017,cuucew
HpGP-ITA-016,atibaf
HpGP-ITA-015,ebob
HpGP-ITA-014,tise
HpGP-ITA-013,misen
HpGP-ITA-012,ojuv
HpGP-ITA-011,uutac
HpGP-ITA-009,fitawek
HpGP-ITA-008,gewibo
HpGP-ITA-007,fihi
HpGP-ITA-006,ipo
HpGP-ITA-005,muke
HpGP-ITA-004,bardu
HpGP-ITA-003,timu
HpGP-ITA-002,wejikdev
HpGP-ITA-001,lifavpon
HpGP-ISR-010,nissohe
HpGP-ISR-008,tohuw
HpGP-ISR-007,uhe
HpGP-ISR-002,unehig
HpGP-ISL-011,olaka
HpGP-ISL-010,iabu
HpGP-ISL-009,hegruva
HpGP-ISL-008,nigheci
HpGP-ISL-007,ruzapcoh
HpGP-ISL-006,wihe
HpGP-ISL-005,luhlohif
HpGP-ISL-004,vonadi
HpGP-ISL-003,jozu
HpGP-ISL-002,wubepi
HpGP-ISL-001,muaha
HpGP-IRN-009,poteh
HpGP-IRN-003,batec
HpGP-IRN-002,povjuu
HpGP-IRN-001,vilokej
HpGP-IDN-011,vuldobe
HpGP-IDN-010,fafeg
HpGP-IDN-009,gemzoro
HpGP-IDN-008,kejate
HpGP-IDN-007,ateu
HpGP-IDN-006,jezibe
HpGP-IDN-005,uhociv
HpGP-IDN-004,ziwan
HpGP-IDN-003,coou
HpGP-IDN-002,dide
HpGP-IDN-001,vuvrinso
HpGP-HON-028,nunca
HpGP-HON-027,zaveku
HpGP-HON-026,igar
HpGP-HON-025,vemce
HpGP-HON-024,coohu
HpGP-HON-023,hesgio
HpGP-HON-021,hetno
HpGP-HON-020,uci
HpGP-HON-019,eijut
HpGP-HON-017,esav
HpGP-HON-016,etom
HpGP-HON-015,zaga
HpGP-HON-014,iepom
HpGP-HON-013,ihateg
HpGP-HON-012,jopup
HpGP-HON-011,pempunhe
HpGP-HON-010,nepu
HpGP-HON-009,fimwote
HpGP-HON-006,aie
HpGP-HON-005,cejbu
HpGP-HON-004,ejozbis
HpGP-HON-003,bunzalga
HpGP-GTM-010,simou
HpGP-GTM-007,aou
HpGP-GTM-004,cosfi
HpGP-GRE-044,zezuspu
HpGP-GRE-043,imali
HpGP-GRE-042,weru
HpGP-GRE-040,gipu
HpGP-GRE-039,wihu
HpGP-GRE-036,iawap
HpGP-GRE-022,riiva
HpGP-GRE-020,newu
HpGP-GRE-019,mazbor
HpGP-GRE-018,duwii
HpGP-GRE-012,awo
HpGP-GRE-011,zumo
HpGP-GRE-008,icuka
HpGP-GRE-006,ifau
HpGP-GRE-005,owot
HpGP-GRE-004,huefug
HpGP-GRE-003,duccaglat
HpGP-GRE-002,iwera
HpGP-GRE-001,oheri
HpGP-GMB-003,ulem
HpGP-GHA-009,fuhjaven
HpGP-GHA-003,vofuzvu
HpGP-GER-021,diguw
HpGP-GER-020,vubun
HpGP-GER-019,hofipok
HpGP-GER-018,zahumwu
HpGP-GER-016,hira
HpGP-GER-015,afe
HpGP-GER-013,tico
HpGP-GER-012,ikek
HpGP-GER-010,bapje
HpGP-GER-009,casho
HpGP-GER-007,reoral
HpGP-GER-006,ohozo
HpGP-GER-005,sinui
HpGP-GER-004,uzapu
HpGP-GER-003,lastedu
HpGP-GER-002,noula
HpGP-GER-001,pozpe
HpGP-FRA-018,marvahaj
HpGP-FRA-010,wuhef
HpGP-FRA-009,abeji
HpGP-FRA-008,muuvi
HpGP-FRA-007,fusej
HpGP-FRA-006,moikas
HpGP-FRA-005,pemekfu
HpGP-FRA-004,rigie
HpGP-FRA-003,gezpafa
HpGP-FRA-002,oroc
HpGP-FRA-001,jurir
HpGP-DOM-011,zuia
HpGP-DOM-010,liu
HpGP-DOM-009,ijia
HpGP-DOM-008,bakuj
HpGP-DOM-007,jiki
HpGP-DOM-006,ahusric
HpGP-DOM-005,rimew
HpGP-DOM-004,lole
HpGP-DOM-003,eosu
HpGP-DOM-002,evutut
HpGP-DOM-001,memu
HpGP-CRI-008,weva
HpGP-CRI-007,gihpawag
HpGP-CRI-006,baznuwoz
HpGP-CRI-005,osei
HpGP-CRI-004,tiwkej
HpGP-CRI-003,tukjiwho
HpGP-CRI-002,batuu
HpGP-CRI-001,zujnao
HpGP-COL-318,hejio
HpGP-COL-310,elue
HpGP-COL-309,ini
HpGP-COL-308,pagvu
HpGP-COL-307,igek
HpGP-COL-306,rijnu
HpGP-COL-305,puu
HpGP-COL-303,duwesip
HpGP-COL-302,zia
HpGP-COL-301,kebhizru
HpGP-COL-210,ahawo
HpGP-COL-209,majjug
HpGP-COL-206,zalzuo
HpGP-COL-204,beo
HpGP-COL-203,ludpar
HpGP-COL-106,elako
HpGP-COL-103,apog
HpGP-COL-008,secwesve
HpGP-COL-005,gowlis
HpGP-COL-004,uoa
HpGP-COL-003,sardog
HpGP-COL-002,inug
HpGP-COG-011,uaa
HpGP-COG-010,bipeb
HpGP-COG-009,rubkiza
HpGP-COG-008,nui
HpGP-COG-007,fevua
HpGP-COG-006,edono
HpGP-COG-005,omup
HpGP-COG-004,vecva
HpGP-COG-003,unof
HpGP-COG-002,ize
HpGP-COG-001,zamgemmu
HpGP-CHN-010,zuwkov
HpGP-CHN-009,widlufjig
HpGP-CHN-008,wijnagmo
HpGP-CHN-007,anewo
HpGP-CHN-006,viacic
HpGP-CHN-005,ei
HpGP-CHN-004,vomi
HpGP-CHN-003,uao
HpGP-CHN-002,zewuweg
HpGP-CHN-001,mefe
HpGP-CHI-212,ramrohfum
HpGP-CHI-209,gajoshin
HpGP-CHI-208,cufbeki
HpGP-CHI-207,poikac
HpGP-CHI-204,vatzar
HpGP-CHI-127,umuv
HpGP-CHI-125,ruzam
HpGP-CHI-124,cidof
HpGP-CHI-123,tuo
HpGP-CHI-122,ehev
HpGP-CHI-120,vijo
HpGP-CHI-119,uo
HpGP-CHI-117,obekner
HpGP-CHI-116,sumdofep
HpGP-CHI-114,izeh
HpGP-CHI-113,vulruzu
HpGP-CHI-110,pechi
HpGP-CHI-106,fipmolcav
HpGP-CHI-105,hipea
HpGP-CHI-104,gafa
HpGP-CHI-102,celjukmev
HpGP-CHI-028,jize
HpGP-CHI-027,zebnu
HpGP-CHI-026,zolorriz
HpGP-CHI-024,watnonjif
HpGP-CHI-023,wacgoz
HpGP-CHI-022,rihse
HpGP-CHI-021,fefve
HpGP-CHI-018,jaja
HpGP-CHI-017,kofaf
HpGP-CHI-016,ohaj
HpGP-CHI-014,oepi
HpGP-CHI-011,waumaz
HpGP-CHI-010,zulvetit
HpGP-CHI-008,uara
HpGP-CHI-007,bemrep
HpGP-CHI-006,imezis
HpGP-CHI-005,zovsevhis
HpGP-CHI-004,homheh
HpGP-CHI-002,gakakkar
HpGP-CHI-001,zasade
HpGP-CAN-023,hanjeg
HpGP-CAN-020,gajwosbaz
HpGP-CAN-019,usia
HpGP-CAN-018,arof
HpGP-CAN-017,nata
HpGP-CAN-016,ipofsa
HpGP-CAN-012,usitjo
HpGP-CAN-001,dotit
HpGP-BRA-025,zahu
HpGP-BRA-023,felof
HpGP-BRA-022,iia
HpGP-BRA-020,ocal
HpGP-BRA-019,utomo
HpGP-BRA-018,kagmuc
HpGP-BRA-017,coce
HpGP-BRA-015,ekudi
HpGP-BRA-014,simosa
HpGP-BRA-013,uwere
HpGP-BRA-012,gini
HpGP-BRA-010,tujo
HpGP-BRA-009,uenev
HpGP-BRA-008,nakmab
HpGP-BRA-007,sicpo
HpGP-BRA-006,kesiho
HpGP-BRA-005,eireg
HpGP-BRA-004,cuzva
HpGP-BRA-003,oawu
HpGP-BRA-002,evebir
HpGP-BRA-001,iumo
HpGP-BGR-010,zatu
HpGP-BGR-008,habesko
HpGP-BGR-007,labok
HpGP-BGR-006,aewa
HpGP-BGR-005,meloze
HpGP-BGR-004,cubaa
HpGP-BGR-003,wofas
HpGP-BGR-001,sujmol
HpGP-BGD-010,obu
HpGP-BGD-009,tuu
HpGP-BGD-008,newwal
HpGP-BGD-007,dozdoa
HpGP-BGD-006,cidei
HpGP-BGD-004,karwo
HpGP-BGD-003,usij
HpGP-BGD-002,mocu
HpGP-BGD-001,awommah
HpGP-ARG-010,wuket
HpGP-ARG-009,legru
HpGP-ARG-008,ozefi
HpGP-ARG-007,sewawo
HpGP-ARG-006,ravec
HpGP-ARG-005,tuevur
HpGP-ARG-004,jepuwi
HpGP-ARG-003,tobze
HpGP-ARG-002,oza
HpGP-ARG-001,edatod
HpGP-ALG-010,coewon
HpGP-ALG-009,kunful
HpGP-ALG-008,ubehe
HpGP-ALG-007,kuguso
HpGP-ALG-006,cezvuw
HpGP-ALG-005,weuu
HpGP-ALG-004,dakame
HpGP-ALG-003,vuflaz
HpGP-ALG-002,rejokit
HpGP-ALG-001,gei
